,country_region_code,country_region,sub_region_1,sub_region_2,metro_area,iso_3166_2_code,census_fips_code,place_id,date,retail_and_recreation_percent_change_from_baseline,grocery_and_pharmacy_percent_change_from_baseline,parks_percent_change_from_baseline,transit_stations_percent_change_from_baseline,workplaces_percent_change_from_baseline,residential_percent_change_from_baseline,Date
4771431,KR,South Korea,,,,,,ChIJm7oRy-tVZDURS9uIugCbJJE,2020-02-16,-11.0,0.0,-31.0,-15.0,-3.0,4.0,2020-02-16
4771432,KR,South Korea,,,,,,ChIJm7oRy-tVZDURS9uIugCbJJE,2020-02-17,-7.0,-6.0,-17.0,-6.0,0.0,5.0,2020-02-17
4771433,KR,South Korea,,,,,,ChIJm7oRy-tVZDURS9uIugCbJJE,2020-02-18,-1.0,-3.0,-5.0,-3.0,2.0,2.0,2020-02-18
4771434,KR,South Korea,,,,,,ChIJm7oRy-tVZDURS9uIugCbJJE,2020-02-19,-5.0,-1.0,14.0,-4.0,1.0,2.0,2020-02-19
4771435,KR,South Korea,,,,,,ChIJm7oRy-tVZDURS9uIugCbJJE,2020-02-20,-7.0,-3.0,7.0,-6.0,1.0,2.0,2020-02-20
4771436,KR,South Korea,,,,,,ChIJm7oRy-tVZDURS9uIugCbJJE,2020-02-21,-15.0,-4.0,-10.0,-10.0,0.0,5.0,2020-02-21
4771437,KR,South Korea,,,,,,ChIJm7oRy-tVZDURS9uIugCbJJE,2020-02-22,-26.0,-6.0,-32.0,-24.0,-4.0,9.0,2020-02-22
4771438,KR,South Korea,,,,,,ChIJm7oRy-tVZDURS9uIugCbJJE,2020-02-23,-31.0,-18.0,-12.0,-25.0,-9.0,8.0,2020-02-23
4771439,KR,South Korea,,,,,,ChIJm7oRy-tVZDURS9uIugCbJJE,2020-02-24,-21.0,6.0,6.0,-15.0,-6.0,8.0,2020-02-24
4771440,KR,South Korea,,,,,,ChIJm7oRy-tVZDURS9uIugCbJJE,2020-02-25,-33.0,-13.0,-38.0,-26.0,-10.0,10.0,2020-02-25
4771441,KR,South Korea,,,,,,ChIJm7oRy-tVZDURS9uIugCbJJE,2020-02-26,-29.0,-7.0,5.0,-22.0,-11.0,9.0,2020-02-26
4771442,KR,South Korea,,,,,,ChIJm7oRy-tVZDURS9uIugCbJJE,2020-02-27,-30.0,-10.0,1.0,-24.0,-10.0,9.0,2020-02-27
4771443,KR,South Korea,,,,,,ChIJm7oRy-tVZDURS9uIugCbJJE,2020-02-28,-37.0,-17.0,-38.0,-30.0,-12.0,13.0,2020-02-28
4771444,KR,South Korea,,,,,,ChIJm7oRy-tVZDURS9uIugCbJJE,2020-02-29,-38.0,-10.0,-13.0,-32.0,-10.0,12.0,2020-02-29
4771445,KR,South Korea,,,,,,ChIJm7oRy-tVZDURS9uIugCbJJE,2020-03-01,-41.0,-8.0,-17.0,-36.0,-16.0,11.0,2020-03-01
4771446,KR,South Korea,,,,,,ChIJm7oRy-tVZDURS9uIugCbJJE,2020-03-02,-23.0,-1.0,10.0,-20.0,-8.0,9.0,2020-03-02
4771447,KR,South Korea,,,,,,ChIJm7oRy-tVZDURS9uIugCbJJE,2020-03-03,-24.0,-7.0,2.0,-21.0,-9.0,8.0,2020-03-03
4771448,KR,South Korea,,,,,,ChIJm7oRy-tVZDURS9uIugCbJJE,2020-03-04,-30.0,-10.0,-7.0,-25.0,-11.0,10.0,2020-03-04
4771449,KR,South Korea,,,,,,ChIJm7oRy-tVZDURS9uIugCbJJE,2020-03-05,-28.0,-11.0,-2.0,-25.0,-9.0,9.0,2020-03-05
4771450,KR,South Korea,,,,,,ChIJm7oRy-tVZDURS9uIugCbJJE,2020-03-06,-27.0,-8.0,1.0,-22.0,-9.0,10.0,2020-03-06
4771451,KR,South Korea,,,,,,ChIJm7oRy-tVZDURS9uIugCbJJE,2020-03-07,-32.0,-7.0,-16.0,-29.0,-8.0,11.0,2020-03-07
4771452,KR,South Korea,,,,,,ChIJm7oRy-tVZDURS9uIugCbJJE,2020-03-08,-27.0,-14.0,34.0,-24.0,-14.0,9.0,2020-03-08
4771453,KR,South Korea,,,,,,ChIJm7oRy-tVZDURS9uIugCbJJE,2020-03-09,-19.0,1.0,16.0,-17.0,-6.0,8.0,2020-03-09
4771454,KR,South Korea,,,,,,ChIJm7oRy-tVZDURS9uIugCbJJE,2020-03-10,-27.0,-11.0,-32.0,-25.0,-9.0,9.0,2020-03-10
4771455,KR,South Korea,,,,,,ChIJm7oRy-tVZDURS9uIugCbJJE,2020-03-11,-22.0,-3.0,23.0,-18.0,-8.0,8.0,2020-03-11
4771456,KR,South Korea,,,,,,ChIJm7oRy-tVZDURS9uIugCbJJE,2020-03-12,-23.0,-5.0,19.0,-20.0,-7.0,8.0,2020-03-12
4771457,KR,South Korea,,,,,,ChIJm7oRy-tVZDURS9uIugCbJJE,2020-03-13,-24.0,-5.0,2.0,-20.0,-7.0,9.0,2020-03-13
4771458,KR,South Korea,,,,,,ChIJm7oRy-tVZDURS9uIugCbJJE,2020-03-14,-25.0,1.0,4.0,-22.0,-5.0,9.0,2020-03-14
4771459,KR,South Korea,,,,,,ChIJm7oRy-tVZDURS9uIugCbJJE,2020-03-15,-28.0,1.0,-3.0,-29.0,-12.0,9.0,2020-03-15
4771460,KR,South Korea,,,,,,ChIJm7oRy-tVZDURS9uIugCbJJE,2020-03-16,-17.0,1.0,23.0,-16.0,-6.0,8.0,2020-03-16
4771461,KR,South Korea,,,,,,ChIJm7oRy-tVZDURS9uIugCbJJE,2020-03-17,-19.0,-5.0,12.0,-17.0,-6.0,6.0,2020-03-17
4771462,KR,South Korea,,,,,,ChIJm7oRy-tVZDURS9uIugCbJJE,2020-03-18,-19.0,-1.0,47.0,-16.0,-7.0,7.0,2020-03-18
4771463,KR,South Korea,,,,,,ChIJm7oRy-tVZDURS9uIugCbJJE,2020-03-19,-28.0,-13.0,-18.0,-25.0,-7.0,9.0,2020-03-19
4771464,KR,South Korea,,,,,,ChIJm7oRy-tVZDURS9uIugCbJJE,2020-03-20,-20.0,-2.0,17.0,-17.0,-6.0,8.0,2020-03-20
4771465,KR,South Korea,,,,,,ChIJm7oRy-tVZDURS9uIugCbJJE,2020-03-21,-21.0,4.0,31.0,-18.0,-5.0,7.0,2020-03-21
4771466,KR,South Korea,,,,,,ChIJm7oRy-tVZDURS9uIugCbJJE,2020-03-22,-20.0,-8.0,52.0,-17.0,-12.0,7.0,2020-03-22
4771467,KR,South Korea,,,,,,ChIJm7oRy-tVZDURS9uIugCbJJE,2020-03-23,-15.0,6.0,47.0,-13.0,-5.0,7.0,2020-03-23
4771468,KR,South Korea,,,,,,ChIJm7oRy-tVZDURS9uIugCbJJE,2020-03-24,-16.0,0.0,40.0,-13.0,-6.0,5.0,2020-03-24
4771469,KR,South Korea,,,,,,ChIJm7oRy-tVZDURS9uIugCbJJE,2020-03-25,-18.0,1.0,61.0,-14.0,-8.0,7.0,2020-03-25
4771470,KR,South Korea,,,,,,ChIJm7oRy-tVZDURS9uIugCbJJE,2020-03-26,-25.0,-8.0,3.0,-21.0,-7.0,8.0,2020-03-26
4771471,KR,South Korea,,,,,,ChIJm7oRy-tVZDURS9uIugCbJJE,2020-03-27,-23.0,-4.0,4.0,-20.0,-8.0,10.0,2020-03-27
4771472,KR,South Korea,,,,,,ChIJm7oRy-tVZDURS9uIugCbJJE,2020-03-28,-23.0,2.0,16.0,-20.0,-7.0,8.0,2020-03-28
4771473,KR,South Korea,,,,,,ChIJm7oRy-tVZDURS9uIugCbJJE,2020-03-29,-19.0,11.0,51.0,-17.0,-12.0,6.0,2020-03-29
4771474,KR,South Korea,,,,,,ChIJm7oRy-tVZDURS9uIugCbJJE,2020-03-30,-13.0,4.0,60.0,-12.0,-6.0,7.0,2020-03-30
4771475,KR,South Korea,,,,,,ChIJm7oRy-tVZDURS9uIugCbJJE,2020-03-31,-11.0,2.0,54.0,-10.0,-5.0,5.0,2020-03-31
4771476,KR,South Korea,,,,,,ChIJm7oRy-tVZDURS9uIugCbJJE,2020-04-01,-18.0,0.0,44.0,-15.0,-8.0,7.0,2020-04-01
4771477,KR,South Korea,,,,,,ChIJm7oRy-tVZDURS9uIugCbJJE,2020-04-02,-18.0,-2.0,44.0,-15.0,-6.0,7.0,2020-04-02
4771478,KR,South Korea,,,,,,ChIJm7oRy-tVZDURS9uIugCbJJE,2020-04-03,-18.0,1.0,36.0,-13.0,-6.0,7.0,2020-04-03
4771479,KR,South Korea,,,,,,ChIJm7oRy-tVZDURS9uIugCbJJE,2020-04-04,-19.0,5.0,25.0,-16.0,-8.0,7.0,2020-04-04
4771480,KR,South Korea,,,,,,ChIJm7oRy-tVZDURS9uIugCbJJE,2020-04-05,-17.0,14.0,46.0,-14.0,-13.0,6.0,2020-04-05
4771481,KR,South Korea,,,,,,ChIJm7oRy-tVZDURS9uIugCbJJE,2020-04-06,-12.0,6.0,48.0,-9.0,-3.0,6.0,2020-04-06
4771482,KR,South Korea,,,,,,ChIJm7oRy-tVZDURS9uIugCbJJE,2020-04-07,-12.0,2.0,40.0,-10.0,-4.0,5.0,2020-04-07
4771483,KR,South Korea,,,,,,ChIJm7oRy-tVZDURS9uIugCbJJE,2020-04-08,-16.0,0.0,47.0,-13.0,-6.0,6.0,2020-04-08
4771484,KR,South Korea,,,,,,ChIJm7oRy-tVZDURS9uIugCbJJE,2020-04-09,-18.0,-2.0,31.0,-14.0,-4.0,6.0,2020-04-09
4771485,KR,South Korea,,,,,,ChIJm7oRy-tVZDURS9uIugCbJJE,2020-04-10,-16.0,2.0,22.0,-12.0,-5.0,7.0,2020-04-10
4771486,KR,South Korea,,,,,,ChIJm7oRy-tVZDURS9uIugCbJJE,2020-04-11,-16.0,10.0,17.0,-13.0,-7.0,6.0,2020-04-11
4771487,KR,South Korea,,,,,,ChIJm7oRy-tVZDURS9uIugCbJJE,2020-04-12,-20.0,-10.0,8.0,-20.0,-13.0,7.0,2020-04-12
4771488,KR,South Korea,,,,,,ChIJm7oRy-tVZDURS9uIugCbJJE,2020-04-13,-9.0,10.0,45.0,-9.0,-3.0,6.0,2020-04-13
4771489,KR,South Korea,,,,,,ChIJm7oRy-tVZDURS9uIugCbJJE,2020-04-14,-4.0,9.0,51.0,-4.0,-3.0,2.0,2020-04-14
4771490,KR,South Korea,,,,,,ChIJm7oRy-tVZDURS9uIugCbJJE,2020-04-15,-3.0,23.0,124.0,-16.0,-50.0,17.0,2020-04-15
4771491,KR,South Korea,,,,,,ChIJm7oRy-tVZDURS9uIugCbJJE,2020-04-16,-17.0,-2.0,33.0,-13.0,-4.0,6.0,2020-04-16
4771492,KR,South Korea,,,,,,ChIJm7oRy-tVZDURS9uIugCbJJE,2020-04-17,-23.0,-7.0,-19.0,-20.0,-6.0,9.0,2020-04-17
4771493,KR,South Korea,,,,,,ChIJm7oRy-tVZDURS9uIugCbJJE,2020-04-18,-13.0,8.0,40.0,-10.0,-4.0,6.0,2020-04-18
4771494,KR,South Korea,,,,,,ChIJm7oRy-tVZDURS9uIugCbJJE,2020-04-19,-24.0,1.0,-20.0,-24.0,-12.0,7.0,2020-04-19
4771495,KR,South Korea,,,,,,ChIJm7oRy-tVZDURS9uIugCbJJE,2020-04-20,-12.0,5.0,19.0,-11.0,-2.0,6.0,2020-04-20
4771496,KR,South Korea,,,,,,ChIJm7oRy-tVZDURS9uIugCbJJE,2020-04-21,-13.0,-1.0,6.0,-11.0,-2.0,4.0,2020-04-21
4771497,KR,South Korea,,,,,,ChIJm7oRy-tVZDURS9uIugCbJJE,2020-04-22,-18.0,-3.0,6.0,-15.0,-4.0,6.0,2020-04-22
4771498,KR,South Korea,,,,,,ChIJm7oRy-tVZDURS9uIugCbJJE,2020-04-23,-16.0,-2.0,10.0,-14.0,-2.0,5.0,2020-04-23
4771499,KR,South Korea,,,,,,ChIJm7oRy-tVZDURS9uIugCbJJE,2020-04-24,-14.0,2.0,10.0,-10.0,-2.0,6.0,2020-04-24
4771500,KR,South Korea,,,,,,ChIJm7oRy-tVZDURS9uIugCbJJE,2020-04-25,-12.0,9.0,21.0,-10.0,-4.0,5.0,2020-04-25
4771501,KR,South Korea,,,,,,ChIJm7oRy-tVZDURS9uIugCbJJE,2020-04-26,-6.0,1.0,56.0,-5.0,-8.0,3.0,2020-04-26
4771502,KR,South Korea,,,,,,ChIJm7oRy-tVZDURS9uIugCbJJE,2020-04-27,-6.0,11.0,40.0,-6.0,-1.0,4.0,2020-04-27
4771503,KR,South Korea,,,,,,ChIJm7oRy-tVZDURS9uIugCbJJE,2020-04-28,-5.0,8.0,41.0,-3.0,-1.0,1.0,2020-04-28
4771504,KR,South Korea,,,,,,ChIJm7oRy-tVZDURS9uIugCbJJE,2020-04-29,-2.0,17.0,62.0,2.0,-3.0,-2.0,2020-04-29
4771505,KR,South Korea,,,,,,ChIJm7oRy-tVZDURS9uIugCbJJE,2020-04-30,6.0,29.0,158.0,-6.0,-54.0,11.0,2020-04-30
4771506,KR,South Korea,,,,,,ChIJm7oRy-tVZDURS9uIugCbJJE,2020-05-01,0.0,22.0,123.0,-10.0,-46.0,13.0,2020-05-01
4771507,KR,South Korea,,,,,,ChIJm7oRy-tVZDURS9uIugCbJJE,2020-05-02,-9.0,10.0,60.0,-4.0,-15.0,2.0,2020-05-02
4771508,KR,South Korea,,,,,,ChIJm7oRy-tVZDURS9uIugCbJJE,2020-05-03,-5.0,19.0,39.0,-2.0,-9.0,1.0,2020-05-03
4771509,KR,South Korea,,,,,,ChIJm7oRy-tVZDURS9uIugCbJJE,2020-05-04,15.0,30.0,95.0,1.0,-18.0,5.0,2020-05-04
4771510,KR,South Korea,,,,,,ChIJm7oRy-tVZDURS9uIugCbJJE,2020-05-05,13.0,23.0,114.0,-14.0,-56.0,14.0,2020-05-05
4771511,KR,South Korea,,,,,,ChIJm7oRy-tVZDURS9uIugCbJJE,2020-05-06,-10.0,9.0,48.0,-4.0,-1.0,3.0,2020-05-06
4771512,KR,South Korea,,,,,,ChIJm7oRy-tVZDURS9uIugCbJJE,2020-05-07,-7.0,7.0,36.0,-4.0,-1.0,2.0,2020-05-07
4771513,KR,South Korea,,,,,,ChIJm7oRy-tVZDURS9uIugCbJJE,2020-05-08,-5.0,8.0,19.0,-1.0,-1.0,3.0,2020-05-08
4771514,KR,South Korea,,,,,,ChIJm7oRy-tVZDURS9uIugCbJJE,2020-05-09,-18.0,-2.0,-36.0,-20.0,-7.0,7.0,2020-05-09
4771515,KR,South Korea,,,,,,ChIJm7oRy-tVZDURS9uIugCbJJE,2020-05-10,-6.0,1.0,34.0,-4.0,-5.0,3.0,2020-05-10
4771516,KR,South Korea,,,,,,ChIJm7oRy-tVZDURS9uIugCbJJE,2020-05-11,-3.0,14.0,44.0,-2.0,0.0,3.0,2020-05-11
4771517,KR,South Korea,,,,,,ChIJm7oRy-tVZDURS9uIugCbJJE,2020-05-12,-4.0,7.0,35.0,-3.0,-1.0,2.0,2020-05-12
4771518,KR,South Korea,,,,,,ChIJm7oRy-tVZDURS9uIugCbJJE,2020-05-13,-7.0,8.0,58.0,-4.0,-2.0,3.0,2020-05-13
4771519,KR,South Korea,,,,,,ChIJm7oRy-tVZDURS9uIugCbJJE,2020-05-14,-8.0,7.0,42.0,-6.0,-2.0,2.0,2020-05-14
4771520,KR,South Korea,,,,,,ChIJm7oRy-tVZDURS9uIugCbJJE,2020-05-15,-17.0,-3.0,-23.0,-15.0,-5.0,5.0,2020-05-15
4771521,KR,South Korea,,,,,,ChIJm7oRy-tVZDURS9uIugCbJJE,2020-05-16,-8.0,12.0,26.0,-8.0,-4.0,4.0,2020-05-16
4771522,KR,South Korea,,,,,,ChIJm7oRy-tVZDURS9uIugCbJJE,2020-05-17,-1.0,25.0,56.0,-2.0,-4.0,2.0,2020-05-17
4771523,KR,South Korea,,,,,,ChIJm7oRy-tVZDURS9uIugCbJJE,2020-05-18,-9.0,4.0,12.0,-9.0,-2.0,5.0,2020-05-18
4771524,KR,South Korea,,,,,,ChIJm7oRy-tVZDURS9uIugCbJJE,2020-05-19,-6.0,7.0,14.0,-8.0,-2.0,3.0,2020-05-19
4771525,KR,South Korea,,,,,,ChIJm7oRy-tVZDURS9uIugCbJJE,2020-05-20,-4.0,12.0,59.0,-3.0,-3.0,2.0,2020-05-20
4771526,KR,South Korea,,,,,,ChIJm7oRy-tVZDURS9uIugCbJJE,2020-05-21,-5.0,7.0,44.0,-5.0,-2.0,2.0,2020-05-21
4771527,KR,South Korea,,,,,,ChIJm7oRy-tVZDURS9uIugCbJJE,2020-05-22,-7.0,8.0,34.0,-4.0,-2.0,3.0,2020-05-22
4771528,KR,South Korea,,,,,,ChIJm7oRy-tVZDURS9uIugCbJJE,2020-05-23,-3.0,14.0,55.0,-2.0,-2.0,2.0,2020-05-23
4771529,KR,South Korea,,,,,,ChIJm7oRy-tVZDURS9uIugCbJJE,2020-05-24,-3.0,4.0,42.0,-5.0,-6.0,3.0,2020-05-24
4771530,KR,South Korea,,,,,,ChIJm7oRy-tVZDURS9uIugCbJJE,2020-05-25,1.0,18.0,57.0,-1.0,-1.0,3.0,2020-05-25
4771531,KR,South Korea,,,,,,ChIJm7oRy-tVZDURS9uIugCbJJE,2020-05-26,-3.0,8.0,32.0,-3.0,-1.0,1.0,2020-05-26
4771532,KR,South Korea,,,,,,ChIJm7oRy-tVZDURS9uIugCbJJE,2020-05-27,-3.0,11.0,64.0,-2.0,-2.0,1.0,2020-05-27
4771533,KR,South Korea,,,,,,ChIJm7oRy-tVZDURS9uIugCbJJE,2020-05-28,-7.0,7.0,43.0,-5.0,-1.0,2.0,2020-05-28
4771534,KR,South Korea,,,,,,ChIJm7oRy-tVZDURS9uIugCbJJE,2020-05-29,-7.0,9.0,39.0,-3.0,-1.0,2.0,2020-05-29
4771535,KR,South Korea,,,,,,ChIJm7oRy-tVZDURS9uIugCbJJE,2020-05-30,-7.0,11.0,47.0,-5.0,-3.0,2.0,2020-05-30
4771536,KR,South Korea,,,,,,ChIJm7oRy-tVZDURS9uIugCbJJE,2020-05-31,-3.0,21.0,44.0,-4.0,-4.0,2.0,2020-05-31
4771537,KR,South Korea,,,,,,ChIJm7oRy-tVZDURS9uIugCbJJE,2020-06-01,0.0,16.0,56.0,-1.0,0.0,2.0,2020-06-01
4771538,KR,South Korea,,,,,,ChIJm7oRy-tVZDURS9uIugCbJJE,2020-06-02,-6.0,7.0,29.0,-4.0,0.0,1.0,2020-06-02
4771539,KR,South Korea,,,,,,ChIJm7oRy-tVZDURS9uIugCbJJE,2020-06-03,-6.0,11.0,54.0,-3.0,-1.0,2.0,2020-06-03
4771540,KR,South Korea,,,,,,ChIJm7oRy-tVZDURS9uIugCbJJE,2020-06-04,-8.0,6.0,35.0,-5.0,0.0,2.0,2020-06-04
4771541,KR,South Korea,,,,,,ChIJm7oRy-tVZDURS9uIugCbJJE,2020-06-05,-6.0,10.0,37.0,-2.0,-2.0,2.0,2020-06-05
4771542,KR,South Korea,,,,,,ChIJm7oRy-tVZDURS9uIugCbJJE,2020-06-06,-7.0,13.0,49.0,-7.0,-15.0,3.0,2020-06-06
4771543,KR,South Korea,,,,,,ChIJm7oRy-tVZDURS9uIugCbJJE,2020-06-07,-2.0,24.0,47.0,-3.0,-5.0,1.0,2020-06-07
4771544,KR,South Korea,,,,,,ChIJm7oRy-tVZDURS9uIugCbJJE,2020-06-08,-1.0,15.0,49.0,-1.0,1.0,1.0,2020-06-08
4771545,KR,South Korea,,,,,,ChIJm7oRy-tVZDURS9uIugCbJJE,2020-06-09,-2.0,9.0,36.0,-2.0,1.0,0.0,2020-06-09
4771546,KR,South Korea,,,,,,ChIJm7oRy-tVZDURS9uIugCbJJE,2020-06-10,-9.0,4.0,26.0,-5.0,-1.0,2.0,2020-06-10
4771547,KR,South Korea,,,,,,ChIJm7oRy-tVZDURS9uIugCbJJE,2020-06-11,-6.0,7.0,30.0,-7.0,0.0,2.0,2020-06-11
4771548,KR,South Korea,,,,,,ChIJm7oRy-tVZDURS9uIugCbJJE,2020-06-12,-7.0,7.0,25.0,-5.0,-1.0,2.0,2020-06-12
4771549,KR,South Korea,,,,,,ChIJm7oRy-tVZDURS9uIugCbJJE,2020-06-13,-6.0,10.0,13.0,-11.0,-6.0,4.0,2020-06-13
4771550,KR,South Korea,,,,,,ChIJm7oRy-tVZDURS9uIugCbJJE,2020-06-14,-4.0,0.0,28.0,-9.0,-7.0,3.0,2020-06-14
4771551,KR,South Korea,,,,,,ChIJm7oRy-tVZDURS9uIugCbJJE,2020-06-15,2.0,18.0,55.0,-1.0,2.0,1.0,2020-06-15
4771552,KR,South Korea,,,,,,ChIJm7oRy-tVZDURS9uIugCbJJE,2020-06-16,-1.0,10.0,43.0,-1.0,2.0,0.0,2020-06-16
4771553,KR,South Korea,,,,,,ChIJm7oRy-tVZDURS9uIugCbJJE,2020-06-17,-5.0,10.0,52.0,-3.0,0.0,1.0,2020-06-17
4771554,KR,South Korea,,,,,,ChIJm7oRy-tVZDURS9uIugCbJJE,2020-06-18,-9.0,1.0,18.0,-9.0,0.0,2.0,2020-06-18
4771555,KR,South Korea,,,,,,ChIJm7oRy-tVZDURS9uIugCbJJE,2020-06-19,-6.0,9.0,36.0,-3.0,-1.0,1.0,2020-06-19
4771556,KR,South Korea,,,,,,ChIJm7oRy-tVZDURS9uIugCbJJE,2020-06-20,-5.0,10.0,44.0,-5.0,-5.0,1.0,2020-06-20
4771557,KR,South Korea,,,,,,ChIJm7oRy-tVZDURS9uIugCbJJE,2020-06-21,-3.0,20.0,43.0,-4.0,-6.0,1.0,2020-06-21
4771558,KR,South Korea,,,,,,ChIJm7oRy-tVZDURS9uIugCbJJE,2020-06-22,-1.0,13.0,49.0,-2.0,0.0,1.0,2020-06-22
4771559,KR,South Korea,,,,,,ChIJm7oRy-tVZDURS9uIugCbJJE,2020-06-23,-1.0,9.0,41.0,-1.0,1.0,-1.0,2020-06-23
4771560,KR,South Korea,,,,,,ChIJm7oRy-tVZDURS9uIugCbJJE,2020-06-24,-15.0,-4.0,-2.0,-12.0,-1.0,3.0,2020-06-24
4771561,KR,South Korea,,,,,,ChIJm7oRy-tVZDURS9uIugCbJJE,2020-06-25,-10.0,2.0,4.0,-10.0,0.0,3.0,2020-06-25
4771562,KR,South Korea,,,,,,ChIJm7oRy-tVZDURS9uIugCbJJE,2020-06-26,-4.0,9.0,34.0,-3.0,0.0,1.0,2020-06-26
4771563,KR,South Korea,,,,,,ChIJm7oRy-tVZDURS9uIugCbJJE,2020-06-27,-3.0,11.0,41.0,-5.0,-6.0,1.0,2020-06-27
4771564,KR,South Korea,,,,,,ChIJm7oRy-tVZDURS9uIugCbJJE,2020-06-28,-1.0,0.0,43.0,-4.0,-7.0,1.0,2020-06-28
4771565,KR,South Korea,,,,,,ChIJm7oRy-tVZDURS9uIugCbJJE,2020-06-29,-5.0,8.0,18.0,-5.0,1.0,2.0,2020-06-29
4771566,KR,South Korea,,,,,,ChIJm7oRy-tVZDURS9uIugCbJJE,2020-06-30,-4.0,6.0,8.0,-7.0,1.0,2.0,2020-06-30
4771567,KR,South Korea,,,,,,ChIJm7oRy-tVZDURS9uIugCbJJE,2020-07-01,-5.0,10.0,56.0,-4.0,0.0,1.0,2020-07-01
4771568,KR,South Korea,,,,,,ChIJm7oRy-tVZDURS9uIugCbJJE,2020-07-02,-6.0,5.0,41.0,-6.0,1.0,1.0,2020-07-02
4771569,KR,South Korea,,,,,,ChIJm7oRy-tVZDURS9uIugCbJJE,2020-07-03,-8.0,5.0,23.0,-5.0,-1.0,2.0,2020-07-03
4771570,KR,South Korea,,,,,,ChIJm7oRy-tVZDURS9uIugCbJJE,2020-07-04,-6.0,10.0,44.0,-7.0,-6.0,2.0,2020-07-04
4771571,KR,South Korea,,,,,,ChIJm7oRy-tVZDURS9uIugCbJJE,2020-07-05,-3.0,20.0,49.0,-5.0,-7.0,1.0,2020-07-05
4771572,KR,South Korea,,,,,,ChIJm7oRy-tVZDURS9uIugCbJJE,2020-07-06,-2.0,11.0,48.0,-3.0,0.0,2.0,2020-07-06
4771573,KR,South Korea,,,,,,ChIJm7oRy-tVZDURS9uIugCbJJE,2020-07-07,-1.0,8.0,43.0,-2.0,1.0,0.0,2020-07-07
4771574,KR,South Korea,,,,,,ChIJm7oRy-tVZDURS9uIugCbJJE,2020-07-08,-5.0,5.0,55.0,-5.0,0.0,1.0,2020-07-08
4771575,KR,South Korea,,,,,,ChIJm7oRy-tVZDURS9uIugCbJJE,2020-07-09,-7.0,3.0,32.0,-7.0,0.0,1.0,2020-07-09
4771576,KR,South Korea,,,,,,ChIJm7oRy-tVZDURS9uIugCbJJE,2020-07-10,-10.0,3.0,18.0,-8.0,-1.0,3.0,2020-07-10
4771577,KR,South Korea,,,,,,ChIJm7oRy-tVZDURS9uIugCbJJE,2020-07-11,-5.0,11.0,41.0,-7.0,-6.0,2.0,2020-07-11
4771578,KR,South Korea,,,,,,ChIJm7oRy-tVZDURS9uIugCbJJE,2020-07-12,-10.0,-8.0,12.0,-12.0,-10.0,3.0,2020-07-12
4771579,KR,South Korea,,,,,,ChIJm7oRy-tVZDURS9uIugCbJJE,2020-07-13,-14.0,-1.0,-14.0,-14.0,-3.0,5.0,2020-07-13
4771580,KR,South Korea,,,,,,ChIJm7oRy-tVZDURS9uIugCbJJE,2020-07-14,-3.0,7.0,28.0,-5.0,0.0,1.0,2020-07-14
4771581,KR,South Korea,,,,,,ChIJm7oRy-tVZDURS9uIugCbJJE,2020-07-15,-3.0,11.0,55.0,-5.0,0.0,1.0,2020-07-15
4771582,KR,South Korea,,,,,,ChIJm7oRy-tVZDURS9uIugCbJJE,2020-07-16,-3.0,8.0,46.0,-6.0,1.0,0.0,2020-07-16
4771583,KR,South Korea,,,,,,ChIJm7oRy-tVZDURS9uIugCbJJE,2020-07-17,-5.0,6.0,40.0,-5.0,-1.0,1.0,2020-07-17
4771584,KR,South Korea,,,,,,ChIJm7oRy-tVZDURS9uIugCbJJE,2020-07-18,-4.0,9.0,48.0,-7.0,-6.0,1.0,2020-07-18
4771585,KR,South Korea,,,,,,ChIJm7oRy-tVZDURS9uIugCbJJE,2020-07-19,-8.0,12.0,13.0,-15.0,-9.0,3.0,2020-07-19
4771586,KR,South Korea,,,,,,ChIJm7oRy-tVZDURS9uIugCbJJE,2020-07-20,-3.0,10.0,40.0,-7.0,-1.0,3.0,2020-07-20
4771587,KR,South Korea,,,,,,ChIJm7oRy-tVZDURS9uIugCbJJE,2020-07-21,1.0,7.0,45.0,-3.0,0.0,-1.0,2020-07-21
4771588,KR,South Korea,,,,,,ChIJm7oRy-tVZDURS9uIugCbJJE,2020-07-22,-11.0,-3.0,16.0,-11.0,-2.0,3.0,2020-07-22
4771589,KR,South Korea,,,,,,ChIJm7oRy-tVZDURS9uIugCbJJE,2020-07-23,-19.0,-13.0,-21.0,-18.0,-2.0,4.0,2020-07-23
4771590,KR,South Korea,,,,,,ChIJm7oRy-tVZDURS9uIugCbJJE,2020-07-24,-8.0,6.0,13.0,-10.0,-1.0,3.0,2020-07-24
4771591,KR,South Korea,,,,,,ChIJm7oRy-tVZDURS9uIugCbJJE,2020-07-25,-5.0,10.0,36.0,-10.0,-7.0,3.0,2020-07-25
4771592,KR,South Korea,,,,,,ChIJm7oRy-tVZDURS9uIugCbJJE,2020-07-26,0.0,0.0,54.0,-5.0,-8.0,1.0,2020-07-26
4771593,KR,South Korea,,,,,,ChIJm7oRy-tVZDURS9uIugCbJJE,2020-07-27,-4.0,8.0,26.0,-8.0,-3.0,3.0,2020-07-27
4771594,KR,South Korea,,,,,,ChIJm7oRy-tVZDURS9uIugCbJJE,2020-07-28,-2.0,5.0,27.0,-7.0,-2.0,1.0,2020-07-28
4771595,KR,South Korea,,,,,,ChIJm7oRy-tVZDURS9uIugCbJJE,2020-07-29,-8.0,2.0,22.0,-12.0,-6.0,3.0,2020-07-29
4771596,KR,South Korea,,,,,,ChIJm7oRy-tVZDURS9uIugCbJJE,2020-07-30,-3.0,6.0,43.0,-9.0,-6.0,2.0,2020-07-30
4771597,KR,South Korea,,,,,,ChIJm7oRy-tVZDURS9uIugCbJJE,2020-07-31,0.0,11.0,49.0,-3.0,-8.0,2.0,2020-07-31
4771598,KR,South Korea,,,,,,ChIJm7oRy-tVZDURS9uIugCbJJE,2020-08-01,-8.0,7.0,29.0,-11.0,-18.0,3.0,2020-08-01
4771599,KR,South Korea,,,,,,ChIJm7oRy-tVZDURS9uIugCbJJE,2020-08-02,-9.0,13.0,24.0,-12.0,-15.0,2.0,2020-08-02
4771600,KR,South Korea,,,,,,ChIJm7oRy-tVZDURS9uIugCbJJE,2020-08-03,2.0,15.0,69.0,-6.0,-20.0,5.0,2020-08-03
4771601,KR,South Korea,,,,,,ChIJm7oRy-tVZDURS9uIugCbJJE,2020-08-04,7.0,15.0,62.0,-4.0,-18.0,3.0,2020-08-04
4771602,KR,South Korea,,,,,,ChIJm7oRy-tVZDURS9uIugCbJJE,2020-08-05,-1.0,11.0,52.0,-8.0,-17.0,4.0,2020-08-05
4771603,KR,South Korea,,,,,,ChIJm7oRy-tVZDURS9uIugCbJJE,2020-08-06,-4.0,6.0,36.0,-11.0,-13.0,5.0,2020-08-06
4771604,KR,South Korea,,,,,,ChIJm7oRy-tVZDURS9uIugCbJJE,2020-08-07,-5.0,4.0,24.0,-9.0,-13.0,5.0,2020-08-07
4771605,KR,South Korea,,,,,,ChIJm7oRy-tVZDURS9uIugCbJJE,2020-08-08,-13.0,0.0,-9.0,-19.0,-14.0,6.0,2020-08-08
4771606,KR,South Korea,,,,,,ChIJm7oRy-tVZDURS9uIugCbJJE,2020-08-09,-12.0,-11.0,-6.0,-21.0,-14.0,5.0,2020-08-09
4771607,KR,South Korea,,,,,,ChIJm7oRy-tVZDURS9uIugCbJJE,2020-08-10,-4.0,9.0,12.0,-11.0,-8.0,4.0,2020-08-10
4771608,KR,South Korea,,,,,,ChIJm7oRy-tVZDURS9uIugCbJJE,2020-08-11,1.0,9.0,25.0,-7.0,-7.0,2.0,2020-08-11
4771609,KR,South Korea,,,,,,ChIJm7oRy-tVZDURS9uIugCbJJE,2020-08-12,0.0,9.0,52.0,-5.0,-8.0,1.0,2020-08-12
4771610,KR,South Korea,,,,,,ChIJm7oRy-tVZDURS9uIugCbJJE,2020-08-13,0.0,9.0,47.0,-6.0,-8.0,1.0,2020-08-13
4771611,KR,South Korea,,,,,,ChIJm7oRy-tVZDURS9uIugCbJJE,2020-08-14,0.0,12.0,42.0,-4.0,-11.0,2.0,2020-08-14
4771612,KR,South Korea,,,,,,ChIJm7oRy-tVZDURS9uIugCbJJE,2020-08-15,-9.0,8.0,30.0,-13.0,-24.0,3.0,2020-08-15
4771613,KR,South Korea,,,,,,ChIJm7oRy-tVZDURS9uIugCbJJE,2020-08-16,2.0,23.0,58.0,-3.0,-15.0,-1.0,2020-08-16
4771614,KR,South Korea,,,,,,ChIJm7oRy-tVZDURS9uIugCbJJE,2020-08-17,7.0,22.0,98.0,-13.0,-46.0,10.0,2020-08-17
4771615,KR,South Korea,,,,,,ChIJm7oRy-tVZDURS9uIugCbJJE,2020-08-18,-6.0,9.0,38.0,-6.0,-7.0,1.0,2020-08-18
4771616,KR,South Korea,,,,,,ChIJm7oRy-tVZDURS9uIugCbJJE,2020-08-19,-13.0,8.0,45.0,-10.0,-9.0,3.0,2020-08-19
4771617,KR,South Korea,,,,,,ChIJm7oRy-tVZDURS9uIugCbJJE,2020-08-20,-16.0,3.0,30.0,-14.0,-9.0,3.0,2020-08-20
4771618,KR,South Korea,,,,,,ChIJm7oRy-tVZDURS9uIugCbJJE,2020-08-21,-19.0,3.0,21.0,-14.0,-9.0,5.0,2020-08-21
4771619,KR,South Korea,,,,,,ChIJm7oRy-tVZDURS9uIugCbJJE,2020-08-22,-28.0,-1.0,0.0,-24.0,-11.0,7.0,2020-08-22
4771620,KR,South Korea,,,,,,ChIJm7oRy-tVZDURS9uIugCbJJE,2020-08-23,-25.0,-7.0,20.0,-21.0,-17.0,6.0,2020-08-23
4771621,KR,South Korea,,,,,,ChIJm7oRy-tVZDURS9uIugCbJJE,2020-08-24,-15.0,14.0,41.0,-12.0,-8.0,5.0,2020-08-24
4771622,KR,South Korea,,,,,,ChIJm7oRy-tVZDURS9uIugCbJJE,2020-08-25,-16.0,8.0,24.0,-12.0,-8.0,3.0,2020-08-25
4771623,KR,South Korea,,,,,,ChIJm7oRy-tVZDURS9uIugCbJJE,2020-08-26,-26.0,-1.0,2.0,-22.0,-11.0,8.0,2020-08-26
4771624,KR,South Korea,,,,,,ChIJm7oRy-tVZDURS9uIugCbJJE,2020-08-27,-27.0,-5.0,-3.0,-26.0,-10.0,8.0,2020-08-27
4771625,KR,South Korea,,,,,,ChIJm7oRy-tVZDURS9uIugCbJJE,2020-08-28,-26.0,0.0,2.0,-20.0,-9.0,7.0,2020-08-28
4771626,KR,South Korea,,,,,,ChIJm7oRy-tVZDURS9uIugCbJJE,2020-08-29,-34.0,-2.0,-13.0,-29.0,-12.0,9.0,2020-08-29
4771627,KR,South Korea,,,,,,ChIJm7oRy-tVZDURS9uIugCbJJE,2020-08-30,-34.0,7.0,2.0,-29.0,-19.0,8.0,2020-08-30
4771628,KR,South Korea,,,,,,ChIJm7oRy-tVZDURS9uIugCbJJE,2020-08-31,-20.0,10.0,39.0,-16.0,-10.0,6.0,2020-08-31
4771629,KR,South Korea,,,,,,ChIJm7oRy-tVZDURS9uIugCbJJE,2020-09-01,-23.0,3.0,27.0,-16.0,-10.0,5.0,2020-09-01
4771630,KR,South Korea,,,,,,ChIJm7oRy-tVZDURS9uIugCbJJE,2020-09-02,-37.0,-11.0,-19.0,-29.0,-14.0,10.0,2020-09-02
4771631,KR,South Korea,,,,,,ChIJm7oRy-tVZDURS9uIugCbJJE,2020-09-03,-29.0,-3.0,15.0,-25.0,-13.0,8.0,2020-09-03
4771632,KR,South Korea,,,,,,ChIJm7oRy-tVZDURS9uIugCbJJE,2020-09-04,-25.0,5.0,31.0,-17.0,-11.0,6.0,2020-09-04
4771633,KR,South Korea,,,,,,ChIJm7oRy-tVZDURS9uIugCbJJE,2020-09-05,-29.0,4.0,15.0,-24.0,-14.0,7.0,2020-09-05
4771634,KR,South Korea,,,,,,ChIJm7oRy-tVZDURS9uIugCbJJE,2020-09-06,-32.0,5.0,-6.0,-30.0,-20.0,8.0,2020-09-06
4771635,KR,South Korea,,,,,,ChIJm7oRy-tVZDURS9uIugCbJJE,2020-09-07,-33.0,-11.0,-25.0,-31.0,-16.0,12.0,2020-09-07
4771636,KR,South Korea,,,,,,ChIJm7oRy-tVZDURS9uIugCbJJE,2020-09-08,-17.0,8.0,42.0,-12.0,-9.0,4.0,2020-09-08
4771637,KR,South Korea,,,,,,ChIJm7oRy-tVZDURS9uIugCbJJE,2020-09-09,-24.0,1.0,32.0,-18.0,-10.0,6.0,2020-09-09
4771638,KR,South Korea,,,,,,ChIJm7oRy-tVZDURS9uIugCbJJE,2020-09-10,-22.0,3.0,40.0,-16.0,-9.0,4.0,2020-09-10
4771639,KR,South Korea,,,,,,ChIJm7oRy-tVZDURS9uIugCbJJE,2020-09-11,-25.0,0.0,10.0,-17.0,-10.0,6.0,2020-09-11
4771640,KR,South Korea,,,,,,ChIJm7oRy-tVZDURS9uIugCbJJE,2020-09-12,-26.0,6.0,2.0,-21.0,-13.0,7.0,2020-09-12
4771641,KR,South Korea,,,,,,ChIJm7oRy-tVZDURS9uIugCbJJE,2020-09-13,-18.0,0.0,55.0,-12.0,-18.0,4.0,2020-09-13
4771642,KR,South Korea,,,,,,ChIJm7oRy-tVZDURS9uIugCbJJE,2020-09-14,-11.0,13.0,52.0,-9.0,-4.0,3.0,2020-09-14
4771643,KR,South Korea,,,,,,ChIJm7oRy-tVZDURS9uIugCbJJE,2020-09-15,-11.0,7.0,43.0,-8.0,-4.0,1.0,2020-09-15
4771644,KR,South Korea,,,,,,ChIJm7oRy-tVZDURS9uIugCbJJE,2020-09-16,-18.0,4.0,31.0,-13.0,-6.0,4.0,2020-09-16
4771645,KR,South Korea,,,,,,ChIJm7oRy-tVZDURS9uIugCbJJE,2020-09-17,-19.0,-1.0,24.0,-14.0,-5.0,3.0,2020-09-17
4771646,KR,South Korea,,,,,,ChIJm7oRy-tVZDURS9uIugCbJJE,2020-09-18,-17.0,6.0,31.0,-9.0,-5.0,3.0,2020-09-18
4771647,KR,South Korea,,,,,,ChIJm7oRy-tVZDURS9uIugCbJJE,2020-09-19,-17.0,8.0,37.0,-10.0,-8.0,2.0,2020-09-19
4771648,KR,South Korea,,,,,,ChIJm7oRy-tVZDURS9uIugCbJJE,2020-09-20,-12.0,19.0,51.0,-8.0,-10.0,2.0,2020-09-20
4771649,KR,South Korea,,,,,,ChIJm7oRy-tVZDURS9uIugCbJJE,2020-09-21,-8.0,13.0,52.0,-5.0,-3.0,1.0,2020-09-21
4771650,KR,South Korea,,,,,,ChIJm7oRy-tVZDURS9uIugCbJJE,2020-09-22,-10.0,11.0,40.0,-1.0,-2.0,0.0,2020-09-22
4771651,KR,South Korea,,,,,,ChIJm7oRy-tVZDURS9uIugCbJJE,2020-09-23,-14.0,12.0,42.0,0.0,-3.0,1.0,2020-09-23
4771652,KR,South Korea,,,,,,ChIJm7oRy-tVZDURS9uIugCbJJE,2020-09-24,-15.0,11.0,30.0,-1.0,-2.0,1.0,2020-09-24
4771653,KR,South Korea,,,,,,ChIJm7oRy-tVZDURS9uIugCbJJE,2020-09-25,-14.0,14.0,24.0,1.0,-2.0,2.0,2020-09-25
4771654,KR,South Korea,,,,,,ChIJm7oRy-tVZDURS9uIugCbJJE,2020-09-26,-14.0,18.0,28.0,-2.0,-4.0,3.0,2020-09-26
4771655,KR,South Korea,,,,,,ChIJm7oRy-tVZDURS9uIugCbJJE,2020-09-27,-10.0,13.0,45.0,1.0,-6.0,3.0,2020-09-27
4771656,KR,South Korea,,,,,,ChIJm7oRy-tVZDURS9uIugCbJJE,2020-09-28,1.0,42.0,49.0,9.0,-2.0,1.0,2020-09-28
4771657,KR,South Korea,,,,,,ChIJm7oRy-tVZDURS9uIugCbJJE,2020-09-29,7.0,63.0,44.0,16.0,-7.0,-1.0,2020-09-29
4771658,KR,South Korea,,,,,,ChIJm7oRy-tVZDURS9uIugCbJJE,2020-09-30,-17.0,73.0,83.0,-10.0,-72.0,12.0,2020-09-30
4771659,KR,South Korea,,,,,,ChIJm7oRy-tVZDURS9uIugCbJJE,2020-10-01,-45.0,-18.0,120.0,-21.0,-81.0,10.0,2020-10-01
4771660,KR,South Korea,,,,,,ChIJm7oRy-tVZDURS9uIugCbJJE,2020-10-02,-23.0,1.0,112.0,-21.0,-75.0,16.0,2020-10-02
4771661,KR,South Korea,,,,,,ChIJm7oRy-tVZDURS9uIugCbJJE,2020-10-03,-24.0,-6.0,53.0,-13.0,-41.0,7.0,2020-10-03
4771662,KR,South Korea,,,,,,ChIJm7oRy-tVZDURS9uIugCbJJE,2020-10-04,-18.0,7.0,32.0,-9.0,-11.0,5.0,2020-10-04
4771663,KR,South Korea,,,,,,ChIJm7oRy-tVZDURS9uIugCbJJE,2020-10-05,-8.0,15.0,45.0,3.0,-2.0,2.0,2020-10-05
4771664,KR,South Korea,,,,,,ChIJm7oRy-tVZDURS9uIugCbJJE,2020-10-06,-10.0,9.0,41.0,4.0,-1.0,0.0,2020-10-06
4771665,KR,South Korea,,,,,,ChIJm7oRy-tVZDURS9uIugCbJJE,2020-10-07,-13.0,11.0,52.0,2.0,-1.0,1.0,2020-10-07
4771666,KR,South Korea,,,,,,ChIJm7oRy-tVZDURS9uIugCbJJE,2020-10-08,-10.0,12.0,43.0,4.0,-1.0,-1.0,2020-10-08
4771667,KR,South Korea,,,,,,ChIJm7oRy-tVZDURS9uIugCbJJE,2020-10-09,-9.0,17.0,97.0,-10.0,-50.0,13.0,2020-10-09
4771668,KR,South Korea,,,,,,ChIJm7oRy-tVZDURS9uIugCbJJE,2020-10-10,-15.0,8.0,52.0,-3.0,-8.0,3.0,2020-10-10
4771669,KR,South Korea,,,,,,ChIJm7oRy-tVZDURS9uIugCbJJE,2020-10-11,-12.0,-1.0,58.0,1.0,-7.0,3.0,2020-10-11
4771670,KR,South Korea,,,,,,ChIJm7oRy-tVZDURS9uIugCbJJE,2020-10-12,-7.0,17.0,57.0,6.0,0.0,1.0,2020-10-12
4771671,KR,South Korea,,,,,,ChIJm7oRy-tVZDURS9uIugCbJJE,2020-10-13,-7.0,11.0,45.0,6.0,0.0,-1.0,2020-10-13
4771672,KR,South Korea,,,,,,ChIJm7oRy-tVZDURS9uIugCbJJE,2020-10-14,-10.0,11.0,53.0,3.0,-1.0,1.0,2020-10-14
4771673,KR,South Korea,,,,,,ChIJm7oRy-tVZDURS9uIugCbJJE,2020-10-15,-10.0,9.0,41.0,1.0,0.0,0.0,2020-10-15
4771674,KR,South Korea,,,,,,ChIJm7oRy-tVZDURS9uIugCbJJE,2020-10-16,-11.0,9.0,28.0,3.0,-1.0,1.0,2020-10-16
4771675,KR,South Korea,,,,,,ChIJm7oRy-tVZDURS9uIugCbJJE,2020-10-17,-8.0,12.0,44.0,4.0,-5.0,1.0,2020-10-17
4771676,KR,South Korea,,,,,,ChIJm7oRy-tVZDURS9uIugCbJJE,2020-10-18,-4.0,21.0,59.0,5.0,-7.0,1.0,2020-10-18
4771677,KR,South Korea,,,,,,ChIJm7oRy-tVZDURS9uIugCbJJE,2020-10-19,-3.0,18.0,60.0,8.0,1.0,0.0,2020-10-19
4771678,KR,South Korea,,,,,,ChIJm7oRy-tVZDURS9uIugCbJJE,2020-10-20,-3.0,13.0,51.0,10.0,1.0,-2.0,2020-10-20
4771679,KR,South Korea,,,,,,ChIJm7oRy-tVZDURS9uIugCbJJE,2020-10-21,-9.0,10.0,46.0,4.0,1.0,0.0,2020-10-21
4771680,KR,South Korea,,,,,,ChIJm7oRy-tVZDURS9uIugCbJJE,2020-10-22,-9.0,6.0,34.0,1.0,2.0,0.0,2020-10-22
4771681,KR,South Korea,,,,,,ChIJm7oRy-tVZDURS9uIugCbJJE,2020-10-23,-9.0,10.0,29.0,3.0,1.0,0.0,2020-10-23
4771682,KR,South Korea,,,,,,ChIJm7oRy-tVZDURS9uIugCbJJE,2020-10-24,-7.0,12.0,40.0,4.0,-4.0,1.0,2020-10-24
4771683,KR,South Korea,,,,,,ChIJm7oRy-tVZDURS9uIugCbJJE,2020-10-25,-1.0,5.0,67.0,8.0,-8.0,0.0,2020-10-25
4771684,KR,South Korea,,,,,,ChIJm7oRy-tVZDURS9uIugCbJJE,2020-10-26,-2.0,19.0,59.0,9.0,3.0,0.0,2020-10-26
4771685,KR,South Korea,,,,,,ChIJm7oRy-tVZDURS9uIugCbJJE,2020-10-27,-3.0,12.0,49.0,9.0,2.0,-2.0,2020-10-27
4771686,KR,South Korea,,,,,,ChIJm7oRy-tVZDURS9uIugCbJJE,2020-10-28,-7.0,9.0,54.0,5.0,2.0,0.0,2020-10-28
4771687,KR,South Korea,,,,,,ChIJm7oRy-tVZDURS9uIugCbJJE,2020-10-29,-8.0,6.0,38.0,2.0,3.0,-1.0,2020-10-29
4771688,KR,South Korea,,,,,,ChIJm7oRy-tVZDURS9uIugCbJJE,2020-10-30,-8.0,8.0,35.0,4.0,2.0,0.0,2020-10-30
4771689,KR,South Korea,,,,,,ChIJm7oRy-tVZDURS9uIugCbJJE,2020-10-31,-6.0,11.0,50.0,5.0,-5.0,0.0,2020-10-31
4771690,KR,South Korea,,,,,,ChIJm7oRy-tVZDURS9uIugCbJJE,2020-11-01,-10.0,15.0,2.0,-4.0,-10.0,2.0,2020-11-01
4771691,KR,South Korea,,,,,,ChIJm7oRy-tVZDURS9uIugCbJJE,2020-11-02,-3.0,11.0,46.0,5.0,3.0,0.0,2020-11-02
4771692,KR,South Korea,,,,,,ChIJm7oRy-tVZDURS9uIugCbJJE,2020-11-03,-6.0,2.0,18.0,3.0,3.0,-1.0,2020-11-03
4771693,KR,South Korea,,,,,,ChIJm7oRy-tVZDURS9uIugCbJJE,2020-11-04,-9.0,5.0,31.0,1.0,2.0,0.0,2020-11-04
4771694,KR,South Korea,,,,,,ChIJm7oRy-tVZDURS9uIugCbJJE,2020-11-05,-10.0,3.0,28.0,2.0,3.0,0.0,2020-11-05
4771695,KR,South Korea,,,,,,ChIJm7oRy-tVZDURS9uIugCbJJE,2020-11-06,-11.0,5.0,20.0,3.0,1.0,0.0,2020-11-06
4771696,KR,South Korea,,,,,,ChIJm7oRy-tVZDURS9uIugCbJJE,2020-11-07,-7.0,10.0,35.0,4.0,-6.0,1.0,2020-11-07
4771697,KR,South Korea,,,,,,ChIJm7oRy-tVZDURS9uIugCbJJE,2020-11-08,-3.0,-1.0,40.0,6.0,-9.0,0.0,2020-11-08
4771698,KR,South Korea,,,,,,ChIJm7oRy-tVZDURS9uIugCbJJE,2020-11-09,-6.0,12.0,26.0,4.0,3.0,1.0,2020-11-09
4771699,KR,South Korea,,,,,,ChIJm7oRy-tVZDURS9uIugCbJJE,2020-11-10,-4.0,11.0,24.0,6.0,3.0,-1.0,2020-11-10
4771700,KR,South Korea,,,,,,ChIJm7oRy-tVZDURS9uIugCbJJE,2020-11-11,-7.0,10.0,39.0,5.0,2.0,0.0,2020-11-11
4771701,KR,South Korea,,,,,,ChIJm7oRy-tVZDURS9uIugCbJJE,2020-11-12,-9.0,5.0,26.0,2.0,3.0,0.0,2020-11-12
4771702,KR,South Korea,,,,,,ChIJm7oRy-tVZDURS9uIugCbJJE,2020-11-13,-11.0,7.0,20.0,4.0,1.0,0.0,2020-11-13
4771703,KR,South Korea,,,,,,ChIJm7oRy-tVZDURS9uIugCbJJE,2020-11-14,-9.0,9.0,27.0,2.0,-7.0,1.0,2020-11-14
4771704,KR,South Korea,,,,,,ChIJm7oRy-tVZDURS9uIugCbJJE,2020-11-15,-6.0,16.0,36.0,5.0,-8.0,0.0,2020-11-15
4771705,KR,South Korea,,,,,,ChIJm7oRy-tVZDURS9uIugCbJJE,2020-11-16,-6.0,10.0,35.0,5.0,3.0,0.0,2020-11-16
4771706,KR,South Korea,,,,,,ChIJm7oRy-tVZDURS9uIugCbJJE,2020-11-17,-8.0,5.0,20.0,5.0,3.0,-1.0,2020-11-17
4771707,KR,South Korea,,,,,,ChIJm7oRy-tVZDURS9uIugCbJJE,2020-11-18,-14.0,3.0,13.0,0.0,2.0,1.0,2020-11-18
4771708,KR,South Korea,,,,,,ChIJm7oRy-tVZDURS9uIugCbJJE,2020-11-19,-21.0,-6.0,-22.0,-9.0,0.0,4.0,2020-11-19
4771709,KR,South Korea,,,,,,ChIJm7oRy-tVZDURS9uIugCbJJE,2020-11-20,-16.0,5.0,-4.0,-1.0,1.0,2.0,2020-11-20
4771710,KR,South Korea,,,,,,ChIJm7oRy-tVZDURS9uIugCbJJE,2020-11-21,-16.0,8.0,4.0,-6.0,-7.0,3.0,2020-11-21
4771711,KR,South Korea,,,,,,ChIJm7oRy-tVZDURS9uIugCbJJE,2020-11-22,-18.0,-8.0,-13.0,-11.0,-13.0,4.0,2020-11-22
4771712,KR,South Korea,,,,,,ChIJm7oRy-tVZDURS9uIugCbJJE,2020-11-23,-11.0,10.0,12.0,-1.0,2.0,2.0,2020-11-23
4771713,KR,South Korea,,,,,,ChIJm7oRy-tVZDURS9uIugCbJJE,2020-11-24,-16.0,5.0,8.0,-2.0,1.0,2.0,2020-11-24
4771714,KR,South Korea,,,,,,ChIJm7oRy-tVZDURS9uIugCbJJE,2020-11-25,-19.0,6.0,18.0,-4.0,0.0,3.0,2020-11-25
4771715,KR,South Korea,,,,,,ChIJm7oRy-tVZDURS9uIugCbJJE,2020-11-26,-23.0,2.0,6.0,-8.0,-2.0,4.0,2020-11-26
4772212,KR,South Korea,,,Seoul Metropolitan Area,,,ChIJVSiAivKifDURLEc3lh_DYRE,2020-02-16,-15.0,0.0,-33.0,-16.0,-3.0,4.0,2020-02-16
4772213,KR,South Korea,,,Seoul Metropolitan Area,,,ChIJVSiAivKifDURLEc3lh_DYRE,2020-02-17,-9.0,-6.0,-17.0,-7.0,0.0,5.0,2020-02-17
4772214,KR,South Korea,,,Seoul Metropolitan Area,,,ChIJVSiAivKifDURLEc3lh_DYRE,2020-02-18,1.0,-2.0,-3.0,-1.0,2.0,2.0,2020-02-18
4772215,KR,South Korea,,,Seoul Metropolitan Area,,,ChIJVSiAivKifDURLEc3lh_DYRE,2020-02-19,-7.0,-1.0,9.0,-5.0,2.0,2.0,2020-02-19
4772216,KR,South Korea,,,Seoul Metropolitan Area,,,ChIJVSiAivKifDURLEc3lh_DYRE,2020-02-20,-7.0,-4.0,10.0,-6.0,2.0,2.0,2020-02-20
4772217,KR,South Korea,,,Seoul Metropolitan Area,,,ChIJVSiAivKifDURLEc3lh_DYRE,2020-02-21,-14.0,-5.0,-7.0,-8.0,1.0,5.0,2020-02-21
4772218,KR,South Korea,,,Seoul Metropolitan Area,,,ChIJVSiAivKifDURLEc3lh_DYRE,2020-02-22,-24.0,-4.0,-28.0,-19.0,-2.0,8.0,2020-02-22
4772219,KR,South Korea,,,Seoul Metropolitan Area,,,ChIJVSiAivKifDURLEc3lh_DYRE,2020-02-23,-27.0,-15.0,6.0,-22.0,-7.0,7.0,2020-02-23
4772220,KR,South Korea,,,Seoul Metropolitan Area,,,ChIJVSiAivKifDURLEc3lh_DYRE,2020-02-24,-19.0,11.0,13.0,-13.0,-4.0,7.0,2020-02-24
4772221,KR,South Korea,,,Seoul Metropolitan Area,,,ChIJVSiAivKifDURLEc3lh_DYRE,2020-02-25,-25.0,-5.0,-24.0,-19.0,-8.0,9.0,2020-02-25
4772222,KR,South Korea,,,Seoul Metropolitan Area,,,ChIJVSiAivKifDURLEc3lh_DYRE,2020-02-26,-26.0,-4.0,12.0,-20.0,-8.0,9.0,2020-02-26
4772223,KR,South Korea,,,Seoul Metropolitan Area,,,ChIJVSiAivKifDURLEc3lh_DYRE,2020-02-27,-27.0,-5.0,16.0,-21.0,-9.0,9.0,2020-02-27
4772224,KR,South Korea,,,Seoul Metropolitan Area,,,ChIJVSiAivKifDURLEc3lh_DYRE,2020-02-28,-35.0,-15.0,-34.0,-27.0,-11.0,13.0,2020-02-28
4772225,KR,South Korea,,,Seoul Metropolitan Area,,,ChIJVSiAivKifDURLEc3lh_DYRE,2020-02-29,-35.0,-4.0,11.0,-27.0,-8.0,11.0,2020-02-29
4772226,KR,South Korea,,,Seoul Metropolitan Area,,,ChIJVSiAivKifDURLEc3lh_DYRE,2020-03-01,-40.0,-3.0,-11.0,-35.0,-15.0,11.0,2020-03-01
4772227,KR,South Korea,,,Seoul Metropolitan Area,,,ChIJVSiAivKifDURLEc3lh_DYRE,2020-03-02,-22.0,3.0,19.0,-19.0,-8.0,9.0,2020-03-02
4772228,KR,South Korea,,,Seoul Metropolitan Area,,,ChIJVSiAivKifDURLEc3lh_DYRE,2020-03-03,-19.0,-3.0,10.0,-17.0,-8.0,8.0,2020-03-03
4772229,KR,South Korea,,,Seoul Metropolitan Area,,,ChIJVSiAivKifDURLEc3lh_DYRE,2020-03-04,-29.0,-9.0,-12.0,-25.0,-9.0,10.0,2020-03-04
4772230,KR,South Korea,,,Seoul Metropolitan Area,,,ChIJVSiAivKifDURLEc3lh_DYRE,2020-03-05,-27.0,-9.0,6.0,-23.0,-8.0,9.0,2020-03-05
4772231,KR,South Korea,,,Seoul Metropolitan Area,,,ChIJVSiAivKifDURLEc3lh_DYRE,2020-03-06,-25.0,-6.0,11.0,-20.0,-8.0,10.0,2020-03-06
4772232,KR,South Korea,,,Seoul Metropolitan Area,,,ChIJVSiAivKifDURLEc3lh_DYRE,2020-03-07,-30.0,-2.0,10.0,-24.0,-7.0,10.0,2020-03-07
4772233,KR,South Korea,,,Seoul Metropolitan Area,,,ChIJVSiAivKifDURLEc3lh_DYRE,2020-03-08,-28.0,-13.0,54.0,-23.0,-14.0,8.0,2020-03-08
4772234,KR,South Korea,,,Seoul Metropolitan Area,,,ChIJVSiAivKifDURLEc3lh_DYRE,2020-03-09,-17.0,5.0,32.0,-15.0,-5.0,8.0,2020-03-09
4772235,KR,South Korea,,,Seoul Metropolitan Area,,,ChIJVSiAivKifDURLEc3lh_DYRE,2020-03-10,-24.0,-11.0,-28.0,-20.0,-8.0,9.0,2020-03-10
4772236,KR,South Korea,,,Seoul Metropolitan Area,,,ChIJVSiAivKifDURLEc3lh_DYRE,2020-03-11,-23.0,-3.0,23.0,-18.0,-7.0,8.0,2020-03-11
4772237,KR,South Korea,,,Seoul Metropolitan Area,,,ChIJVSiAivKifDURLEc3lh_DYRE,2020-03-12,-24.0,-3.0,23.0,-20.0,-7.0,8.0,2020-03-12
4772238,KR,South Korea,,,Seoul Metropolitan Area,,,ChIJVSiAivKifDURLEc3lh_DYRE,2020-03-13,-24.0,-3.0,9.0,-19.0,-7.0,10.0,2020-03-13
4772239,KR,South Korea,,,Seoul Metropolitan Area,,,ChIJVSiAivKifDURLEc3lh_DYRE,2020-03-14,-26.0,2.0,14.0,-20.0,-6.0,9.0,2020-03-14
4772240,KR,South Korea,,,Seoul Metropolitan Area,,,ChIJVSiAivKifDURLEc3lh_DYRE,2020-03-15,-30.0,2.0,5.0,-29.0,-13.0,9.0,2020-03-15
4772241,KR,South Korea,,,Seoul Metropolitan Area,,,ChIJVSiAivKifDURLEc3lh_DYRE,2020-03-16,-19.0,2.0,26.0,-17.0,-6.0,8.0,2020-03-16
4772242,KR,South Korea,,,Seoul Metropolitan Area,,,ChIJVSiAivKifDURLEc3lh_DYRE,2020-03-17,-18.0,-3.0,16.0,-15.0,-6.0,7.0,2020-03-17
4772243,KR,South Korea,,,Seoul Metropolitan Area,,,ChIJVSiAivKifDURLEc3lh_DYRE,2020-03-18,-21.0,0.0,48.0,-16.0,-6.0,8.0,2020-03-18
4772244,KR,South Korea,,,Seoul Metropolitan Area,,,ChIJVSiAivKifDURLEc3lh_DYRE,2020-03-19,-29.0,-13.0,-16.0,-25.0,-7.0,10.0,2020-03-19
4772245,KR,South Korea,,,Seoul Metropolitan Area,,,ChIJVSiAivKifDURLEc3lh_DYRE,2020-03-20,-21.0,0.0,31.0,-16.0,-6.0,9.0,2020-03-20
4772246,KR,South Korea,,,Seoul Metropolitan Area,,,ChIJVSiAivKifDURLEc3lh_DYRE,2020-03-21,-24.0,5.0,45.0,-17.0,-5.0,8.0,2020-03-21
4772247,KR,South Korea,,,Seoul Metropolitan Area,,,ChIJVSiAivKifDURLEc3lh_DYRE,2020-03-22,-23.0,-8.0,84.0,-18.0,-13.0,7.0,2020-03-22
4772248,KR,South Korea,,,Seoul Metropolitan Area,,,ChIJVSiAivKifDURLEc3lh_DYRE,2020-03-23,-17.0,8.0,59.0,-14.0,-6.0,7.0,2020-03-23
4772249,KR,South Korea,,,Seoul Metropolitan Area,,,ChIJVSiAivKifDURLEc3lh_DYRE,2020-03-24,-14.0,3.0,57.0,-11.0,-6.0,6.0,2020-03-24
4772250,KR,South Korea,,,Seoul Metropolitan Area,,,ChIJVSiAivKifDURLEc3lh_DYRE,2020-03-25,-20.0,0.0,62.0,-14.0,-7.0,7.0,2020-03-25
4772251,KR,South Korea,,,Seoul Metropolitan Area,,,ChIJVSiAivKifDURLEc3lh_DYRE,2020-03-26,-24.0,-4.0,27.0,-19.0,-7.0,8.0,2020-03-26
4772252,KR,South Korea,,,Seoul Metropolitan Area,,,ChIJVSiAivKifDURLEc3lh_DYRE,2020-03-27,-21.0,0.0,34.0,-17.0,-7.0,9.0,2020-03-27
4772253,KR,South Korea,,,Seoul Metropolitan Area,,,ChIJVSiAivKifDURLEc3lh_DYRE,2020-03-28,-24.0,4.0,42.0,-17.0,-7.0,8.0,2020-03-28
4772254,KR,South Korea,,,Seoul Metropolitan Area,,,ChIJVSiAivKifDURLEc3lh_DYRE,2020-03-29,-22.0,12.0,86.0,-18.0,-12.0,6.0,2020-03-29
4772255,KR,South Korea,,,Seoul Metropolitan Area,,,ChIJVSiAivKifDURLEc3lh_DYRE,2020-03-30,-16.0,6.0,69.0,-13.0,-6.0,7.0,2020-03-30
4772256,KR,South Korea,,,Seoul Metropolitan Area,,,ChIJVSiAivKifDURLEc3lh_DYRE,2020-03-31,-9.0,4.0,69.0,-8.0,-5.0,6.0,2020-03-31
4772257,KR,South Korea,,,Seoul Metropolitan Area,,,ChIJVSiAivKifDURLEc3lh_DYRE,2020-04-01,-19.0,1.0,52.0,-15.0,-7.0,8.0,2020-04-01
4772258,KR,South Korea,,,Seoul Metropolitan Area,,,ChIJVSiAivKifDURLEc3lh_DYRE,2020-04-02,-20.0,-1.0,59.0,-15.0,-7.0,7.0,2020-04-02
4772259,KR,South Korea,,,Seoul Metropolitan Area,,,ChIJVSiAivKifDURLEc3lh_DYRE,2020-04-03,-19.0,1.0,55.0,-13.0,-7.0,8.0,2020-04-03
4772260,KR,South Korea,,,Seoul Metropolitan Area,,,ChIJVSiAivKifDURLEc3lh_DYRE,2020-04-04,-23.0,5.0,43.0,-16.0,-9.0,7.0,2020-04-04
4772261,KR,South Korea,,,Seoul Metropolitan Area,,,ChIJVSiAivKifDURLEc3lh_DYRE,2020-04-05,-21.0,14.0,71.0,-17.0,-14.0,6.0,2020-04-05
4772262,KR,South Korea,,,Seoul Metropolitan Area,,,ChIJVSiAivKifDURLEc3lh_DYRE,2020-04-06,-14.0,7.0,63.0,-11.0,-4.0,7.0,2020-04-06
4772263,KR,South Korea,,,Seoul Metropolitan Area,,,ChIJVSiAivKifDURLEc3lh_DYRE,2020-04-07,-11.0,4.0,56.0,-8.0,-4.0,5.0,2020-04-07
4772264,KR,South Korea,,,Seoul Metropolitan Area,,,ChIJVSiAivKifDURLEc3lh_DYRE,2020-04-08,-19.0,0.0,53.0,-14.0,-5.0,7.0,2020-04-08
4772265,KR,South Korea,,,Seoul Metropolitan Area,,,ChIJVSiAivKifDURLEc3lh_DYRE,2020-04-09,-19.0,-1.0,48.0,-15.0,-5.0,7.0,2020-04-09
4772266,KR,South Korea,,,Seoul Metropolitan Area,,,ChIJVSiAivKifDURLEc3lh_DYRE,2020-04-10,-17.0,4.0,45.0,-11.0,-6.0,7.0,2020-04-10
4772267,KR,South Korea,,,Seoul Metropolitan Area,,,ChIJVSiAivKifDURLEc3lh_DYRE,2020-04-11,-18.0,12.0,49.0,-10.0,-7.0,6.0,2020-04-11
4772268,KR,South Korea,,,Seoul Metropolitan Area,,,ChIJVSiAivKifDURLEc3lh_DYRE,2020-04-12,-21.0,-8.0,48.0,-17.0,-13.0,6.0,2020-04-12
4772269,KR,South Korea,,,Seoul Metropolitan Area,,,ChIJVSiAivKifDURLEc3lh_DYRE,2020-04-13,-11.0,12.0,70.0,-9.0,-4.0,6.0,2020-04-13
4772270,KR,South Korea,,,Seoul Metropolitan Area,,,ChIJVSiAivKifDURLEc3lh_DYRE,2020-04-14,-1.0,12.0,67.0,-2.0,-4.0,3.0,2020-04-14
4772271,KR,South Korea,,,Seoul Metropolitan Area,,,ChIJVSiAivKifDURLEc3lh_DYRE,2020-04-15,-7.0,26.0,120.0,-21.0,-55.0,20.0,2020-04-15
4772272,KR,South Korea,,,Seoul Metropolitan Area,,,ChIJVSiAivKifDURLEc3lh_DYRE,2020-04-16,-19.0,-1.0,55.0,-13.0,-4.0,6.0,2020-04-16
4772273,KR,South Korea,,,Seoul Metropolitan Area,,,ChIJVSiAivKifDURLEc3lh_DYRE,2020-04-17,-23.0,-6.0,-5.0,-17.0,-6.0,10.0,2020-04-17
4772274,KR,South Korea,,,Seoul Metropolitan Area,,,ChIJVSiAivKifDURLEc3lh_DYRE,2020-04-18,-14.0,10.0,78.0,-8.0,-4.0,5.0,2020-04-18
4772275,KR,South Korea,,,Seoul Metropolitan Area,,,ChIJVSiAivKifDURLEc3lh_DYRE,2020-04-19,-25.0,3.0,-2.0,-23.0,-12.0,7.0,2020-04-19
4772276,KR,South Korea,,,Seoul Metropolitan Area,,,ChIJVSiAivKifDURLEc3lh_DYRE,2020-04-20,-15.0,5.0,19.0,-12.0,-3.0,7.0,2020-04-20
4772277,KR,South Korea,,,Seoul Metropolitan Area,,,ChIJVSiAivKifDURLEc3lh_DYRE,2020-04-21,-11.0,0.0,11.0,-9.0,-2.0,5.0,2020-04-21
4772278,KR,South Korea,,,Seoul Metropolitan Area,,,ChIJVSiAivKifDURLEc3lh_DYRE,2020-04-22,-19.0,-5.0,1.0,-16.0,-4.0,7.0,2020-04-22
4772279,KR,South Korea,,,Seoul Metropolitan Area,,,ChIJVSiAivKifDURLEc3lh_DYRE,2020-04-23,-16.0,0.0,22.0,-13.0,-2.0,6.0,2020-04-23
4772280,KR,South Korea,,,Seoul Metropolitan Area,,,ChIJVSiAivKifDURLEc3lh_DYRE,2020-04-24,-14.0,3.0,25.0,-10.0,-2.0,6.0,2020-04-24
4772281,KR,South Korea,,,Seoul Metropolitan Area,,,ChIJVSiAivKifDURLEc3lh_DYRE,2020-04-25,-14.0,11.0,40.0,-8.0,-3.0,5.0,2020-04-25
4772282,KR,South Korea,,,Seoul Metropolitan Area,,,ChIJVSiAivKifDURLEc3lh_DYRE,2020-04-26,-8.0,1.0,91.0,-6.0,-8.0,4.0,2020-04-26
4772283,KR,South Korea,,,Seoul Metropolitan Area,,,ChIJVSiAivKifDURLEc3lh_DYRE,2020-04-27,-7.0,13.0,54.0,-7.0,-1.0,5.0,2020-04-27
4772284,KR,South Korea,,,Seoul Metropolitan Area,,,ChIJVSiAivKifDURLEc3lh_DYRE,2020-04-28,-2.0,10.0,59.0,-1.0,-1.0,3.0,2020-04-28
4772285,KR,South Korea,,,Seoul Metropolitan Area,,,ChIJVSiAivKifDURLEc3lh_DYRE,2020-04-29,-2.0,18.0,66.0,0.0,-3.0,2.0,2020-04-29
4772286,KR,South Korea,,,Seoul Metropolitan Area,,,ChIJVSiAivKifDURLEc3lh_DYRE,2020-04-30,-1.0,24.0,140.0,-17.0,-58.0,13.0,2020-04-30
4772287,KR,South Korea,,,Seoul Metropolitan Area,,,ChIJVSiAivKifDURLEc3lh_DYRE,2020-05-01,-11.0,13.0,89.0,-22.0,-50.0,15.0,2020-05-01
4772288,KR,South Korea,,,Seoul Metropolitan Area,,,ChIJVSiAivKifDURLEc3lh_DYRE,2020-05-02,-18.0,2.0,53.0,-11.0,-15.0,2.0,2020-05-02
4772289,KR,South Korea,,,Seoul Metropolitan Area,,,ChIJVSiAivKifDURLEc3lh_DYRE,2020-05-03,-7.0,20.0,74.0,-5.0,-8.0,0.0,2020-05-03
4772290,KR,South Korea,,,Seoul Metropolitan Area,,,ChIJVSiAivKifDURLEc3lh_DYRE,2020-05-04,11.0,30.0,90.0,-5.0,-20.0,6.0,2020-05-04
4772291,KR,South Korea,,,Seoul Metropolitan Area,,,ChIJVSiAivKifDURLEc3lh_DYRE,2020-05-05,15.0,27.0,120.0,-19.0,-61.0,17.0,2020-05-05
4772292,KR,South Korea,,,Seoul Metropolitan Area,,,ChIJVSiAivKifDURLEc3lh_DYRE,2020-05-06,-10.0,10.0,59.0,-5.0,0.0,3.0,2020-05-06
4772293,KR,South Korea,,,Seoul Metropolitan Area,,,ChIJVSiAivKifDURLEc3lh_DYRE,2020-05-07,-7.0,8.0,59.0,-3.0,-1.0,3.0,2020-05-07
4772294,KR,South Korea,,,Seoul Metropolitan Area,,,ChIJVSiAivKifDURLEc3lh_DYRE,2020-05-08,-7.0,7.0,36.0,-1.0,-1.0,3.0,2020-05-08
4772295,KR,South Korea,,,Seoul Metropolitan Area,,,ChIJVSiAivKifDURLEc3lh_DYRE,2020-05-09,-20.0,-2.0,-34.0,-18.0,-7.0,7.0,2020-05-09
4772296,KR,South Korea,,,Seoul Metropolitan Area,,,ChIJVSiAivKifDURLEc3lh_DYRE,2020-05-10,-9.0,0.0,48.0,-6.0,-6.0,3.0,2020-05-10
4772297,KR,South Korea,,,Seoul Metropolitan Area,,,ChIJVSiAivKifDURLEc3lh_DYRE,2020-05-11,-5.0,15.0,52.0,-4.0,-1.0,4.0,2020-05-11
4772298,KR,South Korea,,,Seoul Metropolitan Area,,,ChIJVSiAivKifDURLEc3lh_DYRE,2020-05-12,-3.0,10.0,47.0,-1.0,-1.0,3.0,2020-05-12
4772299,KR,South Korea,,,Seoul Metropolitan Area,,,ChIJVSiAivKifDURLEc3lh_DYRE,2020-05-13,-9.0,8.0,64.0,-6.0,-2.0,4.0,2020-05-13
4772300,KR,South Korea,,,Seoul Metropolitan Area,,,ChIJVSiAivKifDURLEc3lh_DYRE,2020-05-14,-10.0,8.0,60.0,-7.0,-2.0,4.0,2020-05-14
4772301,KR,South Korea,,,Seoul Metropolitan Area,,,ChIJVSiAivKifDURLEc3lh_DYRE,2020-05-15,-19.0,-3.0,-16.0,-14.0,-5.0,8.0,2020-05-15
4772302,KR,South Korea,,,Seoul Metropolitan Area,,,ChIJVSiAivKifDURLEc3lh_DYRE,2020-05-16,-12.0,13.0,37.0,-8.0,-4.0,5.0,2020-05-16
4772303,KR,South Korea,,,Seoul Metropolitan Area,,,ChIJVSiAivKifDURLEc3lh_DYRE,2020-05-17,-4.0,28.0,82.0,-4.0,-4.0,3.0,2020-05-17
4772304,KR,South Korea,,,Seoul Metropolitan Area,,,ChIJVSiAivKifDURLEc3lh_DYRE,2020-05-18,-14.0,1.0,11.0,-11.0,-3.0,6.0,2020-05-18
4772305,KR,South Korea,,,Seoul Metropolitan Area,,,ChIJVSiAivKifDURLEc3lh_DYRE,2020-05-19,-4.0,9.0,27.0,-5.0,-3.0,5.0,2020-05-19
4772306,KR,South Korea,,,Seoul Metropolitan Area,,,ChIJVSiAivKifDURLEc3lh_DYRE,2020-05-20,-7.0,13.0,67.0,-4.0,-3.0,3.0,2020-05-20
4772307,KR,South Korea,,,Seoul Metropolitan Area,,,ChIJVSiAivKifDURLEc3lh_DYRE,2020-05-21,-7.0,8.0,65.0,-5.0,-3.0,3.0,2020-05-21
4772308,KR,South Korea,,,Seoul Metropolitan Area,,,ChIJVSiAivKifDURLEc3lh_DYRE,2020-05-22,-9.0,7.0,49.0,-5.0,-3.0,4.0,2020-05-22
4772309,KR,South Korea,,,Seoul Metropolitan Area,,,ChIJVSiAivKifDURLEc3lh_DYRE,2020-05-23,-8.0,14.0,72.0,-2.0,-2.0,2.0,2020-05-23
4772310,KR,South Korea,,,Seoul Metropolitan Area,,,ChIJVSiAivKifDURLEc3lh_DYRE,2020-05-24,-7.0,3.0,55.0,-8.0,-6.0,4.0,2020-05-24
4772311,KR,South Korea,,,Seoul Metropolitan Area,,,ChIJVSiAivKifDURLEc3lh_DYRE,2020-05-25,-2.0,19.0,69.0,-3.0,-2.0,3.0,2020-05-25
4772312,KR,South Korea,,,Seoul Metropolitan Area,,,ChIJVSiAivKifDURLEc3lh_DYRE,2020-05-26,-2.0,8.0,33.0,-3.0,-1.0,3.0,2020-05-26
4772313,KR,South Korea,,,Seoul Metropolitan Area,,,ChIJVSiAivKifDURLEc3lh_DYRE,2020-05-27,-6.0,11.0,73.0,-3.0,-2.0,2.0,2020-05-27
4772314,KR,South Korea,,,Seoul Metropolitan Area,,,ChIJVSiAivKifDURLEc3lh_DYRE,2020-05-28,-9.0,8.0,61.0,-6.0,-1.0,3.0,2020-05-28
4772315,KR,South Korea,,,Seoul Metropolitan Area,,,ChIJVSiAivKifDURLEc3lh_DYRE,2020-05-29,-9.0,9.0,57.0,-4.0,-2.0,4.0,2020-05-29
4772316,KR,South Korea,,,Seoul Metropolitan Area,,,ChIJVSiAivKifDURLEc3lh_DYRE,2020-05-30,-11.0,11.0,57.0,-5.0,-3.0,3.0,2020-05-30
4772317,KR,South Korea,,,Seoul Metropolitan Area,,,ChIJVSiAivKifDURLEc3lh_DYRE,2020-05-31,-8.0,23.0,58.0,-7.0,-5.0,3.0,2020-05-31
4772318,KR,South Korea,,,Seoul Metropolitan Area,,,ChIJVSiAivKifDURLEc3lh_DYRE,2020-06-01,-4.0,19.0,70.0,-3.0,-1.0,3.0,2020-06-01
4772319,KR,South Korea,,,Seoul Metropolitan Area,,,ChIJVSiAivKifDURLEc3lh_DYRE,2020-06-02,-8.0,7.0,29.0,-4.0,-1.0,3.0,2020-06-02
4772320,KR,South Korea,,,Seoul Metropolitan Area,,,ChIJVSiAivKifDURLEc3lh_DYRE,2020-06-03,-9.0,11.0,60.0,-5.0,-2.0,3.0,2020-06-03
4772321,KR,South Korea,,,Seoul Metropolitan Area,,,ChIJVSiAivKifDURLEc3lh_DYRE,2020-06-04,-11.0,6.0,47.0,-7.0,-2.0,3.0,2020-06-04
4772322,KR,South Korea,,,Seoul Metropolitan Area,,,ChIJVSiAivKifDURLEc3lh_DYRE,2020-06-05,-9.0,10.0,53.0,-3.0,-3.0,3.0,2020-06-05
4772323,KR,South Korea,,,Seoul Metropolitan Area,,,ChIJVSiAivKifDURLEc3lh_DYRE,2020-06-06,-13.0,10.0,53.0,-10.0,-17.0,4.0,2020-06-06
4772324,KR,South Korea,,,Seoul Metropolitan Area,,,ChIJVSiAivKifDURLEc3lh_DYRE,2020-06-07,-8.0,23.0,57.0,-8.0,-6.0,2.0,2020-06-07
4772325,KR,South Korea,,,Seoul Metropolitan Area,,,ChIJVSiAivKifDURLEc3lh_DYRE,2020-06-08,-5.0,16.0,60.0,-4.0,-1.0,3.0,2020-06-08
4772326,KR,South Korea,,,Seoul Metropolitan Area,,,ChIJVSiAivKifDURLEc3lh_DYRE,2020-06-09,-2.0,10.0,48.0,-1.0,-1.0,2.0,2020-06-09
4772327,KR,South Korea,,,Seoul Metropolitan Area,,,ChIJVSiAivKifDURLEc3lh_DYRE,2020-06-10,-13.0,0.0,17.0,-8.0,-2.0,4.0,2020-06-10
4772328,KR,South Korea,,,Seoul Metropolitan Area,,,ChIJVSiAivKifDURLEc3lh_DYRE,2020-06-11,-8.0,9.0,46.0,-7.0,-1.0,3.0,2020-06-11
4772329,KR,South Korea,,,Seoul Metropolitan Area,,,ChIJVSiAivKifDURLEc3lh_DYRE,2020-06-12,-9.0,8.0,49.0,-5.0,-3.0,4.0,2020-06-12
4772330,KR,South Korea,,,Seoul Metropolitan Area,,,ChIJVSiAivKifDURLEc3lh_DYRE,2020-06-13,-10.0,10.0,31.0,-9.0,-5.0,4.0,2020-06-13
4772331,KR,South Korea,,,Seoul Metropolitan Area,,,ChIJVSiAivKifDURLEc3lh_DYRE,2020-06-14,-7.0,0.0,53.0,-9.0,-7.0,3.0,2020-06-14
4772332,KR,South Korea,,,Seoul Metropolitan Area,,,ChIJVSiAivKifDURLEc3lh_DYRE,2020-06-15,-2.0,19.0,69.0,-3.0,0.0,2.0,2020-06-15
4772333,KR,South Korea,,,Seoul Metropolitan Area,,,ChIJVSiAivKifDURLEc3lh_DYRE,2020-06-16,0.0,11.0,55.0,0.0,0.0,1.0,2020-06-16
4772334,KR,South Korea,,,Seoul Metropolitan Area,,,ChIJVSiAivKifDURLEc3lh_DYRE,2020-06-17,-8.0,10.0,57.0,-5.0,-1.0,3.0,2020-06-17
4772335,KR,South Korea,,,Seoul Metropolitan Area,,,ChIJVSiAivKifDURLEc3lh_DYRE,2020-06-18,-9.0,5.0,56.0,-7.0,-1.0,2.0,2020-06-18
4772336,KR,South Korea,,,Seoul Metropolitan Area,,,ChIJVSiAivKifDURLEc3lh_DYRE,2020-06-19,-8.0,7.0,51.0,-5.0,-2.0,3.0,2020-06-19
4772337,KR,South Korea,,,Seoul Metropolitan Area,,,ChIJVSiAivKifDURLEc3lh_DYRE,2020-06-20,-11.0,7.0,48.0,-7.0,-6.0,2.0,2020-06-20
4772338,KR,South Korea,,,Seoul Metropolitan Area,,,ChIJVSiAivKifDURLEc3lh_DYRE,2020-06-21,-8.0,18.0,47.0,-9.0,-6.0,1.0,2020-06-21
4772339,KR,South Korea,,,Seoul Metropolitan Area,,,ChIJVSiAivKifDURLEc3lh_DYRE,2020-06-22,-5.0,13.0,52.0,-5.0,-2.0,3.0,2020-06-22
4772340,KR,South Korea,,,Seoul Metropolitan Area,,,ChIJVSiAivKifDURLEc3lh_DYRE,2020-06-23,-1.0,11.0,51.0,0.0,-1.0,1.0,2020-06-23
4772341,KR,South Korea,,,Seoul Metropolitan Area,,,ChIJVSiAivKifDURLEc3lh_DYRE,2020-06-24,-20.0,-9.0,-13.0,-14.0,-3.0,5.0,2020-06-24
4772342,KR,South Korea,,,Seoul Metropolitan Area,,,ChIJVSiAivKifDURLEc3lh_DYRE,2020-06-25,-11.0,3.0,14.0,-10.0,-1.0,4.0,2020-06-25
4772343,KR,South Korea,,,Seoul Metropolitan Area,,,ChIJVSiAivKifDURLEc3lh_DYRE,2020-06-26,-7.0,8.0,48.0,-4.0,-2.0,3.0,2020-06-26
4772344,KR,South Korea,,,Seoul Metropolitan Area,,,ChIJVSiAivKifDURLEc3lh_DYRE,2020-06-27,-8.0,9.0,49.0,-5.0,-6.0,2.0,2020-06-27
4772345,KR,South Korea,,,Seoul Metropolitan Area,,,ChIJVSiAivKifDURLEc3lh_DYRE,2020-06-28,-5.0,-3.0,53.0,-7.0,-8.0,1.0,2020-06-28
4772346,KR,South Korea,,,Seoul Metropolitan Area,,,ChIJVSiAivKifDURLEc3lh_DYRE,2020-06-29,-6.0,12.0,33.0,-5.0,-1.0,3.0,2020-06-29
4772347,KR,South Korea,,,Seoul Metropolitan Area,,,ChIJVSiAivKifDURLEc3lh_DYRE,2020-06-30,-3.0,6.0,11.0,-5.0,-1.0,3.0,2020-06-30
4772348,KR,South Korea,,,Seoul Metropolitan Area,,,ChIJVSiAivKifDURLEc3lh_DYRE,2020-07-01,-7.0,11.0,60.0,-5.0,-1.0,3.0,2020-07-01
4772349,KR,South Korea,,,Seoul Metropolitan Area,,,ChIJVSiAivKifDURLEc3lh_DYRE,2020-07-02,-7.0,6.0,53.0,-7.0,-1.0,2.0,2020-07-02
4772350,KR,South Korea,,,Seoul Metropolitan Area,,,ChIJVSiAivKifDURLEc3lh_DYRE,2020-07-03,-8.0,6.0,44.0,-5.0,-2.0,3.0,2020-07-03
4772351,KR,South Korea,,,Seoul Metropolitan Area,,,ChIJVSiAivKifDURLEc3lh_DYRE,2020-07-04,-9.0,9.0,54.0,-7.0,-7.0,2.0,2020-07-04
4772352,KR,South Korea,,,Seoul Metropolitan Area,,,ChIJVSiAivKifDURLEc3lh_DYRE,2020-07-05,-6.0,21.0,60.0,-8.0,-7.0,1.0,2020-07-05
4772353,KR,South Korea,,,Seoul Metropolitan Area,,,ChIJVSiAivKifDURLEc3lh_DYRE,2020-07-06,-3.0,13.0,64.0,-4.0,-2.0,2.0,2020-07-06
4772354,KR,South Korea,,,Seoul Metropolitan Area,,,ChIJVSiAivKifDURLEc3lh_DYRE,2020-07-07,1.0,10.0,59.0,0.0,-1.0,1.0,2020-07-07
4772355,KR,South Korea,,,Seoul Metropolitan Area,,,ChIJVSiAivKifDURLEc3lh_DYRE,2020-07-08,-7.0,5.0,56.0,-6.0,-1.0,2.0,2020-07-08
4772356,KR,South Korea,,,Seoul Metropolitan Area,,,ChIJVSiAivKifDURLEc3lh_DYRE,2020-07-09,-7.0,4.0,45.0,-7.0,-1.0,2.0,2020-07-09
4772357,KR,South Korea,,,Seoul Metropolitan Area,,,ChIJVSiAivKifDURLEc3lh_DYRE,2020-07-10,-9.0,6.0,42.0,-6.0,-2.0,4.0,2020-07-10
4772358,KR,South Korea,,,Seoul Metropolitan Area,,,ChIJVSiAivKifDURLEc3lh_DYRE,2020-07-11,-8.0,10.0,54.0,-7.0,-7.0,2.0,2020-07-11
4772359,KR,South Korea,,,Seoul Metropolitan Area,,,ChIJVSiAivKifDURLEc3lh_DYRE,2020-07-12,-11.0,-8.0,29.0,-12.0,-10.0,3.0,2020-07-12
4772360,KR,South Korea,,,Seoul Metropolitan Area,,,ChIJVSiAivKifDURLEc3lh_DYRE,2020-07-13,-16.0,0.0,-17.0,-14.0,-4.0,6.0,2020-07-13
4772361,KR,South Korea,,,Seoul Metropolitan Area,,,ChIJVSiAivKifDURLEc3lh_DYRE,2020-07-14,1.0,12.0,53.0,-2.0,-1.0,2.0,2020-07-14
4772362,KR,South Korea,,,Seoul Metropolitan Area,,,ChIJVSiAivKifDURLEc3lh_DYRE,2020-07-15,-3.0,14.0,67.0,-5.0,-1.0,2.0,2020-07-15
4772363,KR,South Korea,,,Seoul Metropolitan Area,,,ChIJVSiAivKifDURLEc3lh_DYRE,2020-07-16,-5.0,8.0,54.0,-7.0,-1.0,1.0,2020-07-16
4772364,KR,South Korea,,,Seoul Metropolitan Area,,,ChIJVSiAivKifDURLEc3lh_DYRE,2020-07-17,-7.0,5.0,46.0,-6.0,-3.0,3.0,2020-07-17
4772365,KR,South Korea,,,Seoul Metropolitan Area,,,ChIJVSiAivKifDURLEc3lh_DYRE,2020-07-18,-8.0,8.0,50.0,-8.0,-7.0,2.0,2020-07-18
4772366,KR,South Korea,,,Seoul Metropolitan Area,,,ChIJVSiAivKifDURLEc3lh_DYRE,2020-07-19,-12.0,12.0,14.0,-18.0,-10.0,4.0,2020-07-19
4772367,KR,South Korea,,,Seoul Metropolitan Area,,,ChIJVSiAivKifDURLEc3lh_DYRE,2020-07-20,-5.0,11.0,49.0,-8.0,-2.0,4.0,2020-07-20
4772368,KR,South Korea,,,Seoul Metropolitan Area,,,ChIJVSiAivKifDURLEc3lh_DYRE,2020-07-21,3.0,9.0,57.0,-1.0,0.0,1.0,2020-07-21
4772369,KR,South Korea,,,Seoul Metropolitan Area,,,ChIJVSiAivKifDURLEc3lh_DYRE,2020-07-22,-13.0,-3.0,14.0,-10.0,-3.0,4.0,2020-07-22
4772370,KR,South Korea,,,Seoul Metropolitan Area,,,ChIJVSiAivKifDURLEc3lh_DYRE,2020-07-23,-21.0,-16.0,-22.0,-17.0,-3.0,5.0,2020-07-23
4772371,KR,South Korea,,,Seoul Metropolitan Area,,,ChIJVSiAivKifDURLEc3lh_DYRE,2020-07-24,-6.0,10.0,39.0,-8.0,-3.0,4.0,2020-07-24
4772372,KR,South Korea,,,Seoul Metropolitan Area,,,ChIJVSiAivKifDURLEc3lh_DYRE,2020-07-25,-6.0,11.0,67.0,-7.0,-7.0,2.0,2020-07-25
4772373,KR,South Korea,,,Seoul Metropolitan Area,,,ChIJVSiAivKifDURLEc3lh_DYRE,2020-07-26,-4.0,-2.0,68.0,-8.0,-8.0,1.0,2020-07-26
4772374,KR,South Korea,,,Seoul Metropolitan Area,,,ChIJVSiAivKifDURLEc3lh_DYRE,2020-07-27,-6.0,11.0,30.0,-9.0,-5.0,4.0,2020-07-27
4772375,KR,South Korea,,,Seoul Metropolitan Area,,,ChIJVSiAivKifDURLEc3lh_DYRE,2020-07-28,1.0,7.0,39.0,-4.0,-3.0,2.0,2020-07-28
4772376,KR,South Korea,,,Seoul Metropolitan Area,,,ChIJVSiAivKifDURLEc3lh_DYRE,2020-07-29,-11.0,0.0,6.0,-13.0,-7.0,5.0,2020-07-29
4772377,KR,South Korea,,,Seoul Metropolitan Area,,,ChIJVSiAivKifDURLEc3lh_DYRE,2020-07-30,-3.0,9.0,55.0,-9.0,-7.0,3.0,2020-07-30
4772378,KR,South Korea,,,Seoul Metropolitan Area,,,ChIJVSiAivKifDURLEc3lh_DYRE,2020-07-31,-4.0,8.0,46.0,-6.0,-9.0,3.0,2020-07-31
4772379,KR,South Korea,,,Seoul Metropolitan Area,,,ChIJVSiAivKifDURLEc3lh_DYRE,2020-08-01,-17.0,-2.0,-4.0,-19.0,-19.0,4.0,2020-08-01
4772380,KR,South Korea,,,Seoul Metropolitan Area,,,ChIJVSiAivKifDURLEc3lh_DYRE,2020-08-02,-23.0,-1.0,-31.0,-27.0,-17.0,4.0,2020-08-02
4772381,KR,South Korea,,,Seoul Metropolitan Area,,,ChIJVSiAivKifDURLEc3lh_DYRE,2020-08-03,-11.0,5.0,0.0,-17.0,-20.0,7.0,2020-08-03
4772382,KR,South Korea,,,Seoul Metropolitan Area,,,ChIJVSiAivKifDURLEc3lh_DYRE,2020-08-04,3.0,12.0,26.0,-8.0,-17.0,4.0,2020-08-04
4772383,KR,South Korea,,,Seoul Metropolitan Area,,,ChIJVSiAivKifDURLEc3lh_DYRE,2020-08-05,-8.0,6.0,11.0,-14.0,-16.0,6.0,2020-08-05
4772384,KR,South Korea,,,Seoul Metropolitan Area,,,ChIJVSiAivKifDURLEc3lh_DYRE,2020-08-06,-7.0,5.0,38.0,-11.0,-12.0,5.0,2020-08-06
4772385,KR,South Korea,,,Seoul Metropolitan Area,,,ChIJVSiAivKifDURLEc3lh_DYRE,2020-08-07,-4.0,8.0,44.0,-7.0,-11.0,4.0,2020-08-07
4772386,KR,South Korea,,,Seoul Metropolitan Area,,,ChIJVSiAivKifDURLEc3lh_DYRE,2020-08-08,-12.0,2.0,3.0,-15.0,-12.0,5.0,2020-08-08
4772387,KR,South Korea,,,Seoul Metropolitan Area,,,ChIJVSiAivKifDURLEc3lh_DYRE,2020-08-09,-23.0,-22.0,-33.0,-29.0,-18.0,7.0,2020-08-09
4772388,KR,South Korea,,,Seoul Metropolitan Area,,,ChIJVSiAivKifDURLEc3lh_DYRE,2020-08-10,-6.0,11.0,9.0,-11.0,-9.0,5.0,2020-08-10
4772389,KR,South Korea,,,Seoul Metropolitan Area,,,ChIJVSiAivKifDURLEc3lh_DYRE,2020-08-11,2.0,12.0,26.0,-5.0,-9.0,3.0,2020-08-11
4772390,KR,South Korea,,,Seoul Metropolitan Area,,,ChIJVSiAivKifDURLEc3lh_DYRE,2020-08-12,-2.0,8.0,41.0,-7.0,-8.0,2.0,2020-08-12
4772391,KR,South Korea,,,Seoul Metropolitan Area,,,ChIJVSiAivKifDURLEc3lh_DYRE,2020-08-13,-4.0,8.0,39.0,-8.0,-9.0,2.0,2020-08-13
4772392,KR,South Korea,,,Seoul Metropolitan Area,,,ChIJVSiAivKifDURLEc3lh_DYRE,2020-08-14,-6.0,8.0,30.0,-8.0,-13.0,4.0,2020-08-14
4772393,KR,South Korea,,,Seoul Metropolitan Area,,,ChIJVSiAivKifDURLEc3lh_DYRE,2020-08-15,-19.0,-2.0,-4.0,-21.0,-28.0,5.0,2020-08-15
4772394,KR,South Korea,,,Seoul Metropolitan Area,,,ChIJVSiAivKifDURLEc3lh_DYRE,2020-08-16,-10.0,15.0,36.0,-13.0,-16.0,0.0,2020-08-16
4772395,KR,South Korea,,,Seoul Metropolitan Area,,,ChIJVSiAivKifDURLEc3lh_DYRE,2020-08-17,-5.0,19.0,61.0,-24.0,-51.0,13.0,2020-08-17
4772396,KR,South Korea,,,Seoul Metropolitan Area,,,ChIJVSiAivKifDURLEc3lh_DYRE,2020-08-18,-10.0,7.0,30.0,-7.0,-9.0,2.0,2020-08-18
4772397,KR,South Korea,,,Seoul Metropolitan Area,,,ChIJVSiAivKifDURLEc3lh_DYRE,2020-08-19,-20.0,6.0,31.0,-14.0,-12.0,5.0,2020-08-19
4772398,KR,South Korea,,,Seoul Metropolitan Area,,,ChIJVSiAivKifDURLEc3lh_DYRE,2020-08-20,-22.0,1.0,27.0,-17.0,-12.0,5.0,2020-08-20
4772399,KR,South Korea,,,Seoul Metropolitan Area,,,ChIJVSiAivKifDURLEc3lh_DYRE,2020-08-21,-26.0,1.0,20.0,-17.0,-12.0,7.0,2020-08-21
4772400,KR,South Korea,,,Seoul Metropolitan Area,,,ChIJVSiAivKifDURLEc3lh_DYRE,2020-08-22,-38.0,-5.0,-14.0,-28.0,-14.0,9.0,2020-08-22
4772401,KR,South Korea,,,Seoul Metropolitan Area,,,ChIJVSiAivKifDURLEc3lh_DYRE,2020-08-23,-32.0,-9.0,30.0,-26.0,-20.0,7.0,2020-08-23
4772402,KR,South Korea,,,Seoul Metropolitan Area,,,ChIJVSiAivKifDURLEc3lh_DYRE,2020-08-24,-21.0,14.0,39.0,-16.0,-11.0,6.0,2020-08-24
4772403,KR,South Korea,,,Seoul Metropolitan Area,,,ChIJVSiAivKifDURLEc3lh_DYRE,2020-08-25,-18.0,10.0,27.0,-12.0,-11.0,5.0,2020-08-25
4772404,KR,South Korea,,,Seoul Metropolitan Area,,,ChIJVSiAivKifDURLEc3lh_DYRE,2020-08-26,-28.0,1.0,4.0,-22.0,-12.0,9.0,2020-08-26
4772405,KR,South Korea,,,Seoul Metropolitan Area,,,ChIJVSiAivKifDURLEc3lh_DYRE,2020-08-27,-31.0,-5.0,0.0,-27.0,-14.0,11.0,2020-08-27
4772406,KR,South Korea,,,Seoul Metropolitan Area,,,ChIJVSiAivKifDURLEc3lh_DYRE,2020-08-28,-29.0,1.0,8.0,-22.0,-12.0,10.0,2020-08-28
4772407,KR,South Korea,,,Seoul Metropolitan Area,,,ChIJVSiAivKifDURLEc3lh_DYRE,2020-08-29,-41.0,-4.0,-18.0,-32.0,-14.0,10.0,2020-08-29
4772408,KR,South Korea,,,Seoul Metropolitan Area,,,ChIJVSiAivKifDURLEc3lh_DYRE,2020-08-30,-41.0,8.0,7.0,-33.0,-23.0,9.0,2020-08-30
4772409,KR,South Korea,,,Seoul Metropolitan Area,,,ChIJVSiAivKifDURLEc3lh_DYRE,2020-08-31,-27.0,11.0,52.0,-19.0,-15.0,9.0,2020-08-31
4772410,KR,South Korea,,,Seoul Metropolitan Area,,,ChIJVSiAivKifDURLEc3lh_DYRE,2020-09-01,-27.0,5.0,43.0,-17.0,-16.0,8.0,2020-09-01
4772411,KR,South Korea,,,Seoul Metropolitan Area,,,ChIJVSiAivKifDURLEc3lh_DYRE,2020-09-02,-42.0,-10.0,-17.0,-30.0,-18.0,12.0,2020-09-02
4772412,KR,South Korea,,,Seoul Metropolitan Area,,,ChIJVSiAivKifDURLEc3lh_DYRE,2020-09-03,-34.0,0.0,33.0,-27.0,-18.0,12.0,2020-09-03
4772413,KR,South Korea,,,Seoul Metropolitan Area,,,ChIJVSiAivKifDURLEc3lh_DYRE,2020-09-04,-31.0,6.0,59.0,-19.0,-17.0,10.0,2020-09-04
4772414,KR,South Korea,,,Seoul Metropolitan Area,,,ChIJVSiAivKifDURLEc3lh_DYRE,2020-09-05,-35.0,8.0,49.0,-24.0,-19.0,8.0,2020-09-05
4772415,KR,South Korea,,,Seoul Metropolitan Area,,,ChIJVSiAivKifDURLEc3lh_DYRE,2020-09-06,-37.0,8.0,22.0,-30.0,-25.0,8.0,2020-09-06
4772416,KR,South Korea,,,Seoul Metropolitan Area,,,ChIJVSiAivKifDURLEc3lh_DYRE,2020-09-07,-39.0,-12.0,-33.0,-31.0,-18.0,13.0,2020-09-07
4772417,KR,South Korea,,,Seoul Metropolitan Area,,,ChIJVSiAivKifDURLEc3lh_DYRE,2020-09-08,-19.0,13.0,70.0,-13.0,-15.0,7.0,2020-09-08
4772418,KR,South Korea,,,Seoul Metropolitan Area,,,ChIJVSiAivKifDURLEc3lh_DYRE,2020-09-09,-31.0,-1.0,31.0,-21.0,-16.0,9.0,2020-09-09
4772419,KR,South Korea,,,Seoul Metropolitan Area,,,ChIJVSiAivKifDURLEc3lh_DYRE,2020-09-10,-27.0,4.0,57.0,-19.0,-15.0,7.0,2020-09-10
4772420,KR,South Korea,,,Seoul Metropolitan Area,,,ChIJVSiAivKifDURLEc3lh_DYRE,2020-09-11,-31.0,1.0,22.0,-19.0,-16.0,9.0,2020-09-11
4772421,KR,South Korea,,,Seoul Metropolitan Area,,,ChIJVSiAivKifDURLEc3lh_DYRE,2020-09-12,-34.0,6.0,3.0,-24.0,-19.0,9.0,2020-09-12
4772422,KR,South Korea,,,Seoul Metropolitan Area,,,ChIJVSiAivKifDURLEc3lh_DYRE,2020-09-13,-25.0,-1.0,91.0,-17.0,-23.0,5.0,2020-09-13
4772423,KR,South Korea,,,Seoul Metropolitan Area,,,ChIJVSiAivKifDURLEc3lh_DYRE,2020-09-14,-15.0,15.0,61.0,-12.0,-7.0,5.0,2020-09-14
4772424,KR,South Korea,,,Seoul Metropolitan Area,,,ChIJVSiAivKifDURLEc3lh_DYRE,2020-09-15,-12.0,11.0,56.0,-8.0,-7.0,4.0,2020-09-15
4772425,KR,South Korea,,,Seoul Metropolitan Area,,,ChIJVSiAivKifDURLEc3lh_DYRE,2020-09-16,-21.0,6.0,34.0,-15.0,-8.0,6.0,2020-09-16
4772426,KR,South Korea,,,Seoul Metropolitan Area,,,ChIJVSiAivKifDURLEc3lh_DYRE,2020-09-17,-20.0,4.0,52.0,-14.0,-8.0,4.0,2020-09-17
4772427,KR,South Korea,,,Seoul Metropolitan Area,,,ChIJVSiAivKifDURLEc3lh_DYRE,2020-09-18,-19.0,6.0,53.0,-10.0,-9.0,5.0,2020-09-18
4772428,KR,South Korea,,,Seoul Metropolitan Area,,,ChIJVSiAivKifDURLEc3lh_DYRE,2020-09-19,-21.0,9.0,52.0,-11.0,-10.0,3.0,2020-09-19
4772429,KR,South Korea,,,Seoul Metropolitan Area,,,ChIJVSiAivKifDURLEc3lh_DYRE,2020-09-20,-17.0,20.0,73.0,-12.0,-13.0,3.0,2020-09-20
4772430,KR,South Korea,,,Seoul Metropolitan Area,,,ChIJVSiAivKifDURLEc3lh_DYRE,2020-09-21,-12.0,14.0,64.0,-7.0,-5.0,3.0,2020-09-21
4772431,KR,South Korea,,,Seoul Metropolitan Area,,,ChIJVSiAivKifDURLEc3lh_DYRE,2020-09-22,-9.0,13.0,57.0,0.0,-5.0,2.0,2020-09-22
4772432,KR,South Korea,,,Seoul Metropolitan Area,,,ChIJVSiAivKifDURLEc3lh_DYRE,2020-09-23,-17.0,12.0,51.0,-2.0,-5.0,3.0,2020-09-23
4772433,KR,South Korea,,,Seoul Metropolitan Area,,,ChIJVSiAivKifDURLEc3lh_DYRE,2020-09-24,-17.0,12.0,49.0,-2.0,-5.0,3.0,2020-09-24
4772434,KR,South Korea,,,Seoul Metropolitan Area,,,ChIJVSiAivKifDURLEc3lh_DYRE,2020-09-25,-16.0,14.0,45.0,1.0,-5.0,4.0,2020-09-25
4772435,KR,South Korea,,,Seoul Metropolitan Area,,,ChIJVSiAivKifDURLEc3lh_DYRE,2020-09-26,-17.0,20.0,51.0,0.0,-6.0,3.0,2020-09-26
4772436,KR,South Korea,,,Seoul Metropolitan Area,,,ChIJVSiAivKifDURLEc3lh_DYRE,2020-09-27,-14.0,12.0,74.0,1.0,-9.0,4.0,2020-09-27
4772437,KR,South Korea,,,Seoul Metropolitan Area,,,ChIJVSiAivKifDURLEc3lh_DYRE,2020-09-28,-3.0,42.0,61.0,6.0,-5.0,2.0,2020-09-28
4772438,KR,South Korea,,,Seoul Metropolitan Area,,,ChIJVSiAivKifDURLEc3lh_DYRE,2020-09-29,7.0,65.0,57.0,12.0,-11.0,1.0,2020-09-29
4772439,KR,South Korea,,,Seoul Metropolitan Area,,,ChIJVSiAivKifDURLEc3lh_DYRE,2020-09-30,-26.0,67.0,52.0,-27.0,-75.0,15.0,2020-09-30
4772440,KR,South Korea,,,Seoul Metropolitan Area,,,ChIJVSiAivKifDURLEc3lh_DYRE,2020-10-01,-54.0,-26.0,84.0,-42.0,-84.0,14.0,2020-10-01
4772441,KR,South Korea,,,Seoul Metropolitan Area,,,ChIJVSiAivKifDURLEc3lh_DYRE,2020-10-02,-34.0,-9.0,63.0,-39.0,-78.0,20.0,2020-10-02
4772442,KR,South Korea,,,Seoul Metropolitan Area,,,ChIJVSiAivKifDURLEc3lh_DYRE,2020-10-03,-30.0,-8.0,61.0,-18.0,-43.0,7.0,2020-10-03
4772443,KR,South Korea,,,Seoul Metropolitan Area,,,ChIJVSiAivKifDURLEc3lh_DYRE,2020-10-04,-20.0,9.0,58.0,-9.0,-13.0,6.0,2020-10-04
4772444,KR,South Korea,,,Seoul Metropolitan Area,,,ChIJVSiAivKifDURLEc3lh_DYRE,2020-10-05,-11.0,16.0,55.0,0.0,-3.0,3.0,2020-10-05
4772445,KR,South Korea,,,Seoul Metropolitan Area,,,ChIJVSiAivKifDURLEc3lh_DYRE,2020-10-06,-9.0,12.0,54.0,5.0,-3.0,1.0,2020-10-06
4772446,KR,South Korea,,,Seoul Metropolitan Area,,,ChIJVSiAivKifDURLEc3lh_DYRE,2020-10-07,-16.0,11.0,56.0,-1.0,-3.0,3.0,2020-10-07
4772447,KR,South Korea,,,Seoul Metropolitan Area,,,ChIJVSiAivKifDURLEc3lh_DYRE,2020-10-08,-11.0,14.0,58.0,2.0,-3.0,0.0,2020-10-08
4772448,KR,South Korea,,,Seoul Metropolitan Area,,,ChIJVSiAivKifDURLEc3lh_DYRE,2020-10-09,-14.0,14.0,100.0,-19.0,-56.0,16.0,2020-10-09
4772449,KR,South Korea,,,Seoul Metropolitan Area,,,ChIJVSiAivKifDURLEc3lh_DYRE,2020-10-10,-20.0,7.0,59.0,-3.0,-10.0,3.0,2020-10-10
4772450,KR,South Korea,,,Seoul Metropolitan Area,,,ChIJVSiAivKifDURLEc3lh_DYRE,2020-10-11,-16.0,-2.0,78.0,0.0,-9.0,3.0,2020-10-11
4772451,KR,South Korea,,,Seoul Metropolitan Area,,,ChIJVSiAivKifDURLEc3lh_DYRE,2020-10-12,-10.0,19.0,62.0,3.0,-2.0,2.0,2020-10-12
4772452,KR,South Korea,,,Seoul Metropolitan Area,,,ChIJVSiAivKifDURLEc3lh_DYRE,2020-10-13,-6.0,13.0,55.0,7.0,-2.0,1.0,2020-10-13
4772453,KR,South Korea,,,Seoul Metropolitan Area,,,ChIJVSiAivKifDURLEc3lh_DYRE,2020-10-14,-13.0,10.0,47.0,0.0,-2.0,2.0,2020-10-14
4772454,KR,South Korea,,,Seoul Metropolitan Area,,,ChIJVSiAivKifDURLEc3lh_DYRE,2020-10-15,-12.0,9.0,47.0,-1.0,-2.0,2.0,2020-10-15
4772455,KR,South Korea,,,Seoul Metropolitan Area,,,ChIJVSiAivKifDURLEc3lh_DYRE,2020-10-16,-13.0,10.0,39.0,2.0,-3.0,3.0,2020-10-16
4772456,KR,South Korea,,,Seoul Metropolitan Area,,,ChIJVSiAivKifDURLEc3lh_DYRE,2020-10-17,-13.0,12.0,53.0,5.0,-6.0,1.0,2020-10-17
4772457,KR,South Korea,,,Seoul Metropolitan Area,,,ChIJVSiAivKifDURLEc3lh_DYRE,2020-10-18,-9.0,22.0,72.0,4.0,-8.0,1.0,2020-10-18
4772458,KR,South Korea,,,Seoul Metropolitan Area,,,ChIJVSiAivKifDURLEc3lh_DYRE,2020-10-19,-7.0,19.0,64.0,4.0,-1.0,2.0,2020-10-19
4772459,KR,South Korea,,,Seoul Metropolitan Area,,,ChIJVSiAivKifDURLEc3lh_DYRE,2020-10-20,-3.0,15.0,59.0,9.0,-1.0,0.0,2020-10-20
4772460,KR,South Korea,,,Seoul Metropolitan Area,,,ChIJVSiAivKifDURLEc3lh_DYRE,2020-10-21,-11.0,12.0,52.0,2.0,-1.0,2.0,2020-10-21
4772461,KR,South Korea,,,Seoul Metropolitan Area,,,ChIJVSiAivKifDURLEc3lh_DYRE,2020-10-22,-12.0,6.0,42.0,0.0,0.0,1.0,2020-10-22
4772462,KR,South Korea,,,Seoul Metropolitan Area,,,ChIJVSiAivKifDURLEc3lh_DYRE,2020-10-23,-11.0,9.0,37.0,1.0,-1.0,2.0,2020-10-23
4772463,KR,South Korea,,,Seoul Metropolitan Area,,,ChIJVSiAivKifDURLEc3lh_DYRE,2020-10-24,-12.0,11.0,42.0,3.0,-6.0,1.0,2020-10-24
4772464,KR,South Korea,,,Seoul Metropolitan Area,,,ChIJVSiAivKifDURLEc3lh_DYRE,2020-10-25,-6.0,3.0,78.0,5.0,-10.0,1.0,2020-10-25
4772465,KR,South Korea,,,Seoul Metropolitan Area,,,ChIJVSiAivKifDURLEc3lh_DYRE,2020-10-26,-6.0,19.0,62.0,5.0,0.0,1.0,2020-10-26
4772466,KR,South Korea,,,Seoul Metropolitan Area,,,ChIJVSiAivKifDURLEc3lh_DYRE,2020-10-27,-3.0,14.0,54.0,9.0,0.0,0.0,2020-10-27
4772467,KR,South Korea,,,Seoul Metropolitan Area,,,ChIJVSiAivKifDURLEc3lh_DYRE,2020-10-28,-10.0,8.0,50.0,1.0,0.0,1.0,2020-10-28
4772468,KR,South Korea,,,Seoul Metropolitan Area,,,ChIJVSiAivKifDURLEc3lh_DYRE,2020-10-29,-11.0,6.0,42.0,-1.0,0.0,1.0,2020-10-29
4772469,KR,South Korea,,,Seoul Metropolitan Area,,,ChIJVSiAivKifDURLEc3lh_DYRE,2020-10-30,-11.0,8.0,43.0,2.0,0.0,1.0,2020-10-30
4772470,KR,South Korea,,,Seoul Metropolitan Area,,,ChIJVSiAivKifDURLEc3lh_DYRE,2020-10-31,-11.0,12.0,53.0,5.0,-6.0,0.0,2020-10-31
4772471,KR,South Korea,,,Seoul Metropolitan Area,,,ChIJVSiAivKifDURLEc3lh_DYRE,2020-11-01,-17.0,14.0,-14.0,-8.0,-12.0,3.0,2020-11-01
4772472,KR,South Korea,,,Seoul Metropolitan Area,,,ChIJVSiAivKifDURLEc3lh_DYRE,2020-11-02,-7.0,11.0,49.0,1.0,1.0,1.0,2020-11-02
4772473,KR,South Korea,,,Seoul Metropolitan Area,,,ChIJVSiAivKifDURLEc3lh_DYRE,2020-11-03,-6.0,4.0,16.0,3.0,0.0,1.0,2020-11-03
4772474,KR,South Korea,,,Seoul Metropolitan Area,,,ChIJVSiAivKifDURLEc3lh_DYRE,2020-11-04,-12.0,5.0,22.0,-2.0,0.0,2.0,2020-11-04
4772475,KR,South Korea,,,Seoul Metropolitan Area,,,ChIJVSiAivKifDURLEc3lh_DYRE,2020-11-05,-12.0,4.0,30.0,0.0,0.0,1.0,2020-11-05
4772476,KR,South Korea,,,Seoul Metropolitan Area,,,ChIJVSiAivKifDURLEc3lh_DYRE,2020-11-06,-13.0,5.0,27.0,1.0,-1.0,2.0,2020-11-06
4772477,KR,South Korea,,,Seoul Metropolitan Area,,,ChIJVSiAivKifDURLEc3lh_DYRE,2020-11-07,-12.0,9.0,34.0,3.0,-8.0,1.0,2020-11-07
4772478,KR,South Korea,,,Seoul Metropolitan Area,,,ChIJVSiAivKifDURLEc3lh_DYRE,2020-11-08,-7.0,-3.0,39.0,3.0,-11.0,1.0,2020-11-08
4772479,KR,South Korea,,,Seoul Metropolitan Area,,,ChIJVSiAivKifDURLEc3lh_DYRE,2020-11-09,-10.0,13.0,22.0,0.0,0.0,2.0,2020-11-09
4772480,KR,South Korea,,,Seoul Metropolitan Area,,,ChIJVSiAivKifDURLEc3lh_DYRE,2020-11-10,-3.0,13.0,26.0,7.0,1.0,0.0,2020-11-10
4772481,KR,South Korea,,,Seoul Metropolitan Area,,,ChIJVSiAivKifDURLEc3lh_DYRE,2020-11-11,-10.0,9.0,34.0,2.0,0.0,1.0,2020-11-11
4772482,KR,South Korea,,,Seoul Metropolitan Area,,,ChIJVSiAivKifDURLEc3lh_DYRE,2020-11-12,-12.0,5.0,30.0,0.0,0.0,1.0,2020-11-12
4772483,KR,South Korea,,,Seoul Metropolitan Area,,,ChIJVSiAivKifDURLEc3lh_DYRE,2020-11-13,-13.0,6.0,25.0,2.0,-1.0,2.0,2020-11-13
4772484,KR,South Korea,,,Seoul Metropolitan Area,,,ChIJVSiAivKifDURLEc3lh_DYRE,2020-11-14,-14.0,7.0,29.0,2.0,-8.0,1.0,2020-11-14
4772485,KR,South Korea,,,Seoul Metropolitan Area,,,ChIJVSiAivKifDURLEc3lh_DYRE,2020-11-15,-11.0,16.0,34.0,2.0,-10.0,1.0,2020-11-15
4772486,KR,South Korea,,,Seoul Metropolitan Area,,,ChIJVSiAivKifDURLEc3lh_DYRE,2020-11-16,-10.0,11.0,35.0,2.0,0.0,2.0,2020-11-16
4772487,KR,South Korea,,,Seoul Metropolitan Area,,,ChIJVSiAivKifDURLEc3lh_DYRE,2020-11-17,-8.0,7.0,23.0,6.0,0.0,1.0,2020-11-17
4772488,KR,South Korea,,,Seoul Metropolitan Area,,,ChIJVSiAivKifDURLEc3lh_DYRE,2020-11-18,-19.0,2.0,0.0,-3.0,-1.0,3.0,2020-11-18
4772489,KR,South Korea,,,Seoul Metropolitan Area,,,ChIJVSiAivKifDURLEc3lh_DYRE,2020-11-19,-23.0,-4.0,-18.0,-8.0,-2.0,5.0,2020-11-19
4772490,KR,South Korea,,,Seoul Metropolitan Area,,,ChIJVSiAivKifDURLEc3lh_DYRE,2020-11-20,-19.0,5.0,-2.0,-3.0,-2.0,3.0,2020-11-20
4772491,KR,South Korea,,,Seoul Metropolitan Area,,,ChIJVSiAivKifDURLEc3lh_DYRE,2020-11-21,-21.0,7.0,9.0,-6.0,-9.0,3.0,2020-11-21
4772492,KR,South Korea,,,Seoul Metropolitan Area,,,ChIJVSiAivKifDURLEc3lh_DYRE,2020-11-22,-22.0,-9.0,-7.0,-12.0,-14.0,4.0,2020-11-22
4772493,KR,South Korea,,,Seoul Metropolitan Area,,,ChIJVSiAivKifDURLEc3lh_DYRE,2020-11-23,-16.0,11.0,12.0,-4.0,-1.0,4.0,2020-11-23
4772494,KR,South Korea,,,Seoul Metropolitan Area,,,ChIJVSiAivKifDURLEc3lh_DYRE,2020-11-24,-19.0,7.0,11.0,-3.0,-3.0,4.0,2020-11-24
4772495,KR,South Korea,,,Seoul Metropolitan Area,,,ChIJVSiAivKifDURLEc3lh_DYRE,2020-11-25,-26.0,5.0,17.0,-7.0,-3.0,6.0,2020-11-25
4772496,KR,South Korea,,,Seoul Metropolitan Area,,,ChIJVSiAivKifDURLEc3lh_DYRE,2020-11-26,-28.0,3.0,13.0,-11.0,-6.0,6.0,2020-11-26
